label,entity_norm,count
DATE,today,67
DATE,sunday,41
DATE,the day,31
DATE,friday,29
DATE,saturday,28
DATE,the next day,17
DATE,years,16
DATE,yesterday,14
DATE,the summer,13
DATE,thursday,12
DATE,last week,11
DATE,monday,11
DATE,tuesday,11
DATE,the week,10
DATE,the weekend,9
DATE,sundays,8
DATE,that day,8
DATE,weekly,8
DATE,all day,7
DATE,monthly,7
DATE,summer,7
DATE,this week,7
DATE,wednesday,7
DATE,2 weeks,6
DATE,a few months ago,6
DATE,one day,6
DATE,two years,6
DATE,weekend,6
DATE,a few weeks ago,5
DATE,a few years ago,5
DATE,christmas,5
DATE,days,5
DATE,july,5
DATE,last year,5
DATE,tuesdays,5
DATE,weekday,5
DATE,5 years,4
DATE,70,4
DATE,a day,4
DATE,a week ago,4
DATE,a year,4
DATE,another day,4
DATE,daily,4
DATE,day,4
DATE,halloween,4
DATE,september,4
DATE,the other day,4
DATE,this past weekend,4
DATE,this year,4
DATE,tomorrow,4
DATE,10 years,3
DATE,2 days,3
DATE,2 days later,3
DATE,2 months,3
DATE,2 nights,3
DATE,a few days later,3
DATE,a few weeks,3
DATE,a good day,3
DATE,a week,3
DATE,a weekend,3
DATE,about a year ago,3
DATE,last friday,3
DATE,next day,3
DATE,next year,3
DATE,october,3
DATE,the 1st,3
DATE,the end of the day,3
DATE,the holidays,3
DATE,the same day,3
DATE,the years,3
DATE,this weekend,3
DATE,weeks,3
DATE,0630,2
DATE,1 month,2
DATE,1 week,2
DATE,1900,2
DATE,1970,2
DATE,2 year old,2
DATE,2003,2
DATE,2005,2
DATE,2012,2
DATE,2014,2
DATE,3 day,2
DATE,4 days,2
DATE,5 days,2
DATE,50 year old,2
DATE,50s,2
DATE,8 years,2
DATE,a bad day,2
DATE,a couple days,2
DATE,a couple days ago,2
DATE,a few years,2
DATE,a month,2
DATE,a sunny day,2
DATE,about 2 years,2
DATE,about a month later,2
DATE,about a week,2
DATE,all my years,2
DATE,almost every day,2
DATE,august,2
DATE,every few days,2
DATE,january,2
DATE,last may,2
DATE,last month,2
DATE,many years,2
DATE,mondays,2
DATE,saturdays,2
DATE,several years,2
DATE,the days,2
DATE,the first day,2
DATE,the following day,2
DATE,the free month,2
DATE,the season,2
DATE,the winter,2
DATE,the year,2
DATE,these days,2
DATE,this past friday,2
DATE,this past sunday,2
DATE,this saturday,2
DATE,those days,2
DATE,three months,2
DATE,two day,2
DATE,two weeks,2
DATE,two year old,2
DATE,wednesdays,2
DATE,years ago,2
DATE,you\,2
DATE,'03,1
DATE,'70s,1
DATE,'80s,1
DATE,/quarter,1
DATE,03 03 13,1
DATE,09/09/14 12:27 pm\n\ni,1
DATE,1 month old,1
DATE,1 year old,1
DATE,1-2 years old,1
DATE,1.5 year old,1
DATE,10 days,1
DATE,10 every day,1
DATE,10 month old,1
DATE,10 years ago,1
DATE,10 years old,1
DATE,10-1230am,1
DATE,100000x,1
DATE,1240,1
DATE,12:40pm,1
DATE,13 years,1
DATE,13 years ago,1
DATE,14 years in a row,1
DATE,15 years,1
DATE,15+,1
DATE,16,1
DATE,16 year old,1
DATE,17 years,1
DATE,18+,1
DATE,1912,1
DATE,1928,1
DATE,1950,1
DATE,1969,1
DATE,1980,1
DATE,1980?!\n\nhonestly,1
DATE,1982,1
DATE,1988,1
DATE,1994,1
DATE,1997,1
DATE,19th century,1
DATE,2 days in a row,1
DATE,2 months later,1
DATE,2 weeks ago,1
DATE,2 years,1
DATE,2+ years ago,1
DATE,2-3 weeks ago,1
DATE,20 years,1
DATE,20 years old,1
DATE,20-25min,1
DATE,2000,1
DATE,2007,1
DATE,2009,1
DATE,21 year,1
DATE,21 year old,1
DATE,2300-0500,1
DATE,25 years ago,1
DATE,27-205)\n\ncasino,1
DATE,2735,1
DATE,28277,1
DATE,2836,1
DATE,3,1
DATE,3 business days later,1
DATE,3 days,1
DATE,3 long islands,1
DATE,3 months old,1
DATE,3 nights,1
DATE,3 or 4 years,1
DATE,3 years,1
DATE,3.5 year old,1
DATE,30 days,1
DATE,30 years,1
DATE,30+,1
DATE,32 days,1
DATE,33 years,1
DATE,35 day,1
DATE,35 years ago,1
DATE,3xs a week,1
DATE,4,1
DATE,4 day,1
DATE,4 million years,1
DATE,4 months ago,1
DATE,4 months later,1
DATE,4 year grand,1
DATE,4 year old,1
DATE,4+,1
DATE,4-6pm,1
DATE,40's,1
DATE,4th of july weekend,1
DATE,5 +,1
DATE,5 months,1
DATE,5 year old,1
DATE,50,1
DATE,50 years old,1
DATE,5yrs ago,1
DATE,6 month,1
DATE,6 months,1
DATE,7-8pm,1
DATE,70 year old,1
DATE,76,1
DATE,80,1
DATE,87,1
DATE,87 year old,1
DATE,9 months ago,1
DATE,9 years ago,1
DATE,"\""""green",1
DATE,"\""""our\",1
DATE,"\""""small",1
DATE,\n\nafter 2 days,1
DATE,\n\ni'm,1
DATE,\n\ntoday,1
DATE,\u00a31.99,1
DATE,a busy day,1
DATE,a couple of days,1
DATE,a couple of weeks,1
DATE,a couple of weeks ago,1
DATE,a couple of years,1
DATE,a couple years ago,1
DATE,a day 7 days,1
DATE,a day later,1
DATE,a few days,1
DATE,a few days ago,1
DATE,a few decades,1
DATE,a few months,1
DATE,a few weeks back,1
DATE,a few years old,1
DATE,a free month,1
DATE,a game day,1
DATE,a great day,1
DATE,a little 18 year old,1
DATE,a little while ago,1
DATE,a long 3 day weekend,1
DATE,a long time ago,1
DATE,a mid friday,1
DATE,a month or,1
DATE,a nice day,1
DATE,a nice summer's,1
DATE,a quarter,1
DATE,a short weekend,1
DATE,a summer day,1
DATE,a two month old,1
DATE,a week and half later,1
DATE,a week day,1
DATE,a week old,1
DATE,a year ago,1
DATE,"a year and a half later, dec. 20, 2010",1
DATE,about 10 years,1
DATE,about 2 months ago,1
DATE,about 3 years,1
DATE,about 36 years,1
DATE,about 4 months ago,1
DATE,about 5 months,1
DATE,about 7-8 years,1
DATE,about 9 months ago,1
DATE,about a quarter,1
DATE,about a week ago,1
DATE,about a year,1
DATE,all these years,1
DATE,all weekend,1
DATE,almost 1 week,1
DATE,almost 1 year ago,1
DATE,almost 15 years,1
DATE,almost a week,1
DATE,almost a year,1
DATE,almost every week,1
DATE,almost ten years,1
DATE,an additional five days,1
DATE,an email a week later,1
DATE,an exhausting weekend,1
DATE,an off day,1
DATE,annual,1
DATE,another 2 days,1
DATE,another 25 years,1
DATE,another 6 years,1
DATE,any day of the week,1
DATE,anyday,1
DATE,april,1
DATE,april of this year,1
DATE,around 1215,1
DATE,around 1975,1
DATE,around 1978,1
DATE,around 6 years,1
DATE,as many weeks,1
DATE,at least 4 weeks,1
DATE,at least a year,1
DATE,at least ten years,1
DATE,at least the day,1
DATE,at least the last 10 years,1
DATE,august 6th,1
DATE,august of 2011,1
DATE,bargains.\n\ntoday,1
DATE,better days,1
DATE,between seasons,1
DATE,channels.\n\nour,1
DATE,christmas day,1
DATE,corner.\n\nzzeek,1
DATE,cream-i'll,1
DATE,day - sea bass,1
DATE,day 1,1
DATE,day one,1
DATE,dec,1
DATE,dec 15th,1
DATE,december,1
DATE,december of 2008,1
DATE,delish.\n\nso,1
DATE,earlier flights same day,1
DATE,earlier this year,1
DATE,early 20s,1
DATE,early 90s,1
DATE,edc weekend,1
DATE,eight years ago,1
DATE,every day,1
DATE,every five years,1
DATE,every month,1
DATE,every weekend,1
DATE,every year,1
DATE,everyday,1
DATE,fall / spring,1
DATE,"february 14, 2014",1
DATE,february 2014.\n\nwe,1
DATE,february of this year,1
DATE,five year old,1
DATE,five-year old,1
DATE,four year old,1
DATE,four-year-old.\n\ndamn,1
DATE,frapp\u00e9 year round,1
DATE,friday 7-11,1
DATE,friday night april 11,1
DATE,friday/saturday nights,1
DATE,fridays,1
DATE,funday,1
DATE,half a day,1
DATE,half-century,1
DATE,halloween weekend,1
DATE,his day,1
DATE,holiday weeks,1
DATE,january of this year,1
DATE,jj,1
DATE,july 1st,1
DATE,july 2,1
DATE,july 2013,1
DATE,july 3rd,1
DATE,june,1
DATE,"june 27, 2011",1
DATE,"june 9, 2009 & lin's",1
DATE,june of 2012,1
DATE,just bad nights,1
DATE,just over a week,1
DATE,know.\n\nlater that day,1
DATE,last august,1
DATE,last day,1
DATE,last saturday,1
DATE,last weekend,1
DATE,late 40s,1
DATE,late december 2012,1
DATE,late february,1
DATE,late friday,1
DATE,late november 2011,1
DATE,later in the day,1
DATE,like 6 years,1
DATE,living many years,1
DATE,lunch.\n\nthe 2nd,1
DATE,"many, many months",1
DATE,march,1
DATE,"may 2, 2014",1
DATE,may 2008,1
DATE,memorial day,1
DATE,mid 30ish,1
DATE,mid-age,1
DATE,mid-september,1
DATE,mid-week,1
DATE,month,1
DATE,more than a month ago,1
DATE,most nights,1
DATE,my 1st,1
DATE,my past weekend,1
DATE,my weekend,1
DATE,nasty day,1
DATE,nearly every day,1
DATE,nearly one month,1
DATE,next december,1
DATE,next friday,1
DATE,next summer,1
DATE,next time\ni,1
DATE,next week,1
DATE,nice day,1
DATE,november 2010,1
DATE,ok years ago,1
DATE,one day of day,1
DATE,one expensive weekend,1
DATE,one-day,1
DATE,only 4 days,1
DATE,only five days earlier,1
DATE,opening weekend,1
DATE,our 3rd year anniversary,1
DATE,our 4 year old,1
DATE,over 15 years,1
DATE,over 20 years,1
DATE,over 40 years,1
DATE,over a year,1
DATE,over a year ago,1
DATE,previous day's,1
DATE,recent years,1
DATE,roughly a year,1
DATE,same day,1
DATE,season,1
DATE,seasonal,1
DATE,seasonally,1
DATE,sept  and,1
DATE,sept. 4th,1
DATE,seven days,1
DATE,several months,1
DATE,several months later,1
DATE,several years ago,1
DATE,some days,1
DATE,spring,1
DATE,"sunday august 26th, 2012",1
DATE,ten years ago,1
DATE,thanksgiving,1
DATE,that weekend,1
DATE,the 10 months,1
DATE,the 12th,1
DATE,the 25th,1
DATE,the 26th of july,1
DATE,the 28 day,1
DATE,the 2nd,1
DATE,the 4 days,1
DATE,the 4 years,1
DATE,the b-day,1
DATE,the cool summer,1
DATE,the day before,1
DATE,the early 21st century,1
DATE,the early days,1
DATE,the end of 2008,1
DATE,the end of august,1
DATE,the end of the evening,1
DATE,the fall 2014 semester,1
DATE,the few sunny days,1
DATE,the first month,1
DATE,the first month or,1
DATE,the half/half,1
DATE,the last 12 years,1
DATE,the last 15 years,1
DATE,the last 2 months,1
DATE,the last 3 nights,1
DATE,the last couple of years,1
DATE,the last couple years,1
DATE,the last few years,1
DATE,the last row,1
DATE,the last ten years,1
DATE,the last three years,1
DATE,the last thursday of the month,1
DATE,the last week,1
DATE,the middle of,1
DATE,the middle of the summer,1
DATE,the new years eve,1
DATE,the next day &,1
DATE,the next three days,1
DATE,the past 10 years,1
DATE,the past 20 years,1
DATE,the past 4 weeks,1
DATE,the past 4 years,1
DATE,the past 6 weeks,1
DATE,the past five years,1
DATE,the past month,1
DATE,the past year,1
DATE,the previous day,1
DATE,the public,1
DATE,the same 21 year old,1
DATE,the second day,1
DATE,the spring,1
DATE,the spring/summer,1
DATE,the weekdays,1
DATE,the weekend nights,1
DATE,the weekends,1
DATE,the whole weekend,1
DATE,the winter and,1
DATE,their best days,1
DATE,then-15-year-old,1
DATE,there.\n\nbetween may and september,1
DATE,these past 2 months,1
DATE,this a month later,1
DATE,this day,1
DATE,this donut,1
DATE,this last tuesday,1
DATE,this last weekend,1
DATE,this past march,1
DATE,this past spring,1
DATE,this past summer,1
DATE,this past week,1
DATE,this quarter,1
DATE,this winter,1
DATE,three nights,1
DATE,three weeks,1
DATE,three years,1
DATE,three years ago,1
DATE,thursdays,1
DATE,"today, august 3, 2013",1
DATE,two and a half,1
DATE,two and one,1
DATE,two days,1
DATE,two days ago,1
DATE,two months,1
DATE,two months later,1
DATE,two nights,1
DATE,two weeks ago,1
DATE,under 10,1
DATE,under 30,1
DATE,vacation a few weeks ago,1
DATE,valentines day,1
DATE,walgreen,1
DATE,wednesday nights,1
DATE,wednesdays daytime,1
DATE,weekdays,1
DATE,weekend nights,1
DATE,weeks ago,1
DATE,winter,1
DATE,winter erledigt,1
DATE,winter nights,1
DATE,yummy!\n\nsunday,1
GPE,vegas,103
GPE,las vegas,49
GPE,phoenix,31
GPE,chicago,29
GPE,charlotte,25
GPE,arizona,17
GPE,california,17
GPE,pittsburgh,14
GPE,scottsdale,14
GPE,montreal,13
GPE,aria,10
GPE,ny,9
GPE,la,8
GPE,los angeles,8
GPE,paris,8
GPE,texas,8
GPE,us,8
GPE,edinburgh,7
GPE,lv,7
GPE,new york,7
GPE,henderson,6
GPE,tempe,6
GPE,fremont,5
GPE,houston,5
GPE,utah,5
GPE,vdara,5
GPE,yelp,5
GPE,china,4
GPE,egg,4
GPE,encore,4
GPE,illinois,4
GPE,luxor,4
GPE,nice,4
GPE,portland,4
GPE,san diego,4
GPE,uptown,4
GPE,wynn,4
GPE,alfredo,3
GPE,america,3
GPE,boston,3
GPE,decatur,3
GPE,gras,3
GPE,hawaii,3
GPE,mexico,3
GPE,monta,3
GPE,new york city,3
GPE,oakland,3
GPE,samosas,3
GPE,sora,3
GPE,vancouver,3
GPE,vienna,3
GPE,\n\nthen,2
GPE,ahwatukee,2
GPE,az,2
GPE,bacon,2
GPE,bathrooms,2
GPE,chop,2
GPE,cosmopolitan,2
GPE,d.c.,2
GPE,del frisco's,2
GPE,e.r.,2
GPE,enjoy,2
GPE,er,2
GPE,france,2
GPE,garden,2
GPE,go,2
GPE,hilton,2
GPE,hong kong,2
GPE,houston person,2
GPE,iberico,2
GPE,india,2
GPE,karlsruhe,2
GPE,kinda,2
GPE,kleingeld,2
GPE,london,2
GPE,louisiana,2
GPE,madison,2
GPE,manila,2
GPE,maryland,2
GPE,masala,2
GPE,mmmm,2
GPE,nacho,2
GPE,namaste,2
GPE,nc,2
GPE,ne,2
GPE,nevada,2
GPE,north carolina,2
GPE,oreo,2
GPE,rocky,2
GPE,salsa,2
GPE,san francisco,2
GPE,seattle,2
GPE,spicy,2
GPE,sunset,2
GPE,taco,2
GPE,tatiana,2
GPE,tokyo,2
GPE,turkey,2
GPE,tyler,2
GPE,valpak,2
GPE,vet,2
GPE,whopper,2
GPE,wisconsin,2
GPE,@thegoodwich,1
GPE,"\""""cool",1
GPE,"\""""cotton",1
GPE,"\""""d\",1
GPE,"\""""go",1
GPE,"\""""guns",1
GPE,"\""""tanaka",1
GPE,"\""""ted",1
GPE,\n\nbrandon,1
GPE,\n\nguac,1
GPE,\n\nshe,1
GPE,\noverall,1
GPE,\u00fcbersichtlich,1
GPE,aaahhh,1
GPE,abbondante,1
GPE,airport,1
GPE,alaska,1
GPE,albany,1
GPE,alrighty,1
GPE,amapalya,1
GPE,angelic,1
GPE,ann arbor,1
GPE,anyway,1
GPE,apex,1
GPE,aspen,1
GPE,aureole,1
GPE,avocado,1
GPE,awww,1
GPE,azteca,1
GPE,b.o,1
GPE,ballantyne,1
GPE,banfield,1
GPE,bangkok,1
GPE,barros,1
GPE,baymont,1
GPE,beautful,1
GPE,beijing,1
GPE,bellagio,1
GPE,berkeley,1
GPE,berlin,1
GPE,bertolucci,1
GPE,bestelle,1
GPE,beverly hills.\n\nthe,1
GPE,bien situ\u00e9,1
GPE,big bold,1
GPE,big joe's,1
GPE,big mistake,1
GPE,big wong,1
GPE,binon,1
GPE,blaise,1
GPE,blaise lantana,1
GPE,bobbie,1
GPE,boca park,1
GPE,bosa,1
GPE,bouillabaisse,1
GPE,boulder,1
GPE,boxty,1
GPE,bricktops,1
GPE,brighton,1
GPE,brio,1
GPE,brisket,1
GPE,brochelle,1
GPE,bueno,1
GPE,business.\n\nlesson,1
GPE,cali,1
GPE,carolina,1
GPE,chad,1
GPE,chefs,1
GPE,chernobyl,1
GPE,chicagoland,1
GPE,chimichanga,1
GPE,china city,1
GPE,clerk.\n\nwhen,1
GPE,cocos,1
GPE,colombia,1
GPE,colorado,1
GPE,coney island,1
GPE,connecticut,1
GPE,cooled.\n\nmy,1
GPE,culantro,1
GPE,daf\u00fcr,1
GPE,dc,1
GPE,decent.\n\ncustomer,1
GPE,denver,1
GPE,detroit,1
GPE,disappointing,1
GPE,dresden,1
GPE,drive,1
GPE,driving,1
GPE,dublin,1
GPE,east mesa,1
GPE,ef,1
GPE,el segundo,1
GPE,elliott,1
GPE,embassy,1
GPE,emeril,1
GPE,enjoy.\n\nand,1
GPE,enormi,1
GPE,excellent.\n\ni'd,1
GPE,extra\,1
GPE,feburary,1
GPE,fedex,1
GPE,filibertos,1
GPE,fort mill,1
GPE,fountain hills,1
GPE,full.\n\ncarlito,1
GPE,fun.\nwhen,1
GPE,gainesville,1
GPE,galleria,1
GPE,glendale,1
GPE,glockmeister,1
GPE,good!\n\nmango,1
GPE,good.\n\nquickee,1
GPE,guadalajara,1
GPE,gumby,1
GPE,had.\n\nmy,1
GPE,hainan,1
GPE,hardrock,1
GPE,harrah,1
GPE,hawthorne,1
GPE,hells kitchen,1
GPE,hennessey,1
GPE,herbs.\n\ngot,1
GPE,here.\n\nwe,1
GPE,hillstone,1
GPE,holes,1
GPE,hollywood,1
GPE,hooters,1
GPE,hungary,1
GPE,hunh?\n\nanyway,1
GPE,huntersville,1
GPE,hurley,1
GPE,husband,1
GPE,i.v.,1
GPE,italy,1
GPE,iu,1
GPE,j.d,1
GPE,janesville,1
GPE,japan,1
GPE,jungle buffet,1
GPE,klein,1
GPE,kommentar,1
GPE,kuala lampur,1
GPE,kumamotos,1
GPE,kunden,1
GPE,kunden zu \u00e4rgern,1
GPE,kyoto,1
GPE,l.a.,1
GPE,la quinta,1
GPE,lala,1
GPE,langos,1
GPE,las,1
GPE,las vegas - period,1
GPE,las vegas boulevard,1
GPE,las vegas police,1
GPE,las vegas.\n\nbut,1
GPE,las vegas.\n\nfirst,1
GPE,las vegas.\nwe,1
GPE,lawrenceville,1
GPE,lawry,1
GPE,le village,1
GPE,lh,1
GPE,linhs,1
GPE,long beach,1
GPE,long island,1
GPE,los favoritos,1
GPE,los lobos,1
GPE,los sombreros,1
GPE,lotta,1
GPE,louis,1
GPE,ma,1
GPE,macademia,1
GPE,macau,1
GPE,manhattan,1
GPE,manna,1
GPE,marchmont,1
GPE,margaritaville,1
GPE,maryvale,1
GPE,massachusetts,1
GPE,me)\n\n,1
GPE,meth,1
GPE,miami,1
GPE,minnesota,1
GPE,mirliton,1
GPE,mm,1
GPE,mohomado,1
GPE,monona,1
GPE,mounds,1
GPE,myers park,1
GPE,naan,1
GPE,nachbarin,1
GPE,nada,1
GPE,nadia,1
GPE,nala,1
GPE,nashville,1
GPE,nebraska,1
GPE,neopolitan,1
GPE,new orleans,1
GPE,new york-new york,1
GPE,newcastle,1
GPE,night.\n\nwe,1
GPE,nigiri,1
GPE,nile cafe,1
GPE,norcal,1
GPE,nordstroms,1
GPE,north beach(san fran's,1
GPE,north las vegas,1
GPE,north versailles,1
GPE,o'sheas,1
GPE,o.g.,1
GPE,oakley,1
GPE,oh,1
GPE,okada sushi,1
GPE,old vegas,1
GPE,olivia,1
GPE,optomap.,1
GPE,orange,1
GPE,orange cafe,1
GPE,orange chicken,1
GPE,orange county,1
GPE,orlando,1
GPE,osaka,1
GPE,"otto, las vegas",1
GPE,p.s.-,1
GPE,panang,1
GPE,pancho,1
GPE,pancho villas,1
GPE,panera,1
GPE,park rd,1
GPE,pay\u00e9,1
GPE,pelle,1
GPE,pepto,1
GPE,philadelphia,1
GPE,phnom penh,1
GPE,"pizza\""""\n\n\n\""""ya",1
GPE,place.\n\nlas vegas,1
GPE,portofino,1
GPE,postrio,1
GPE,pov,1
GPE,procuitto-,1
GPE,pv,1
GPE,qc,1
GPE,quebec,1
GPE,quinta,1
GPE,ramen,1
GPE,rampart,1
GPE,rangoon,1
GPE,red rock,1
GPE,ribeye,1
GPE,ripoff city,1
GPE,risk.\n\nit,1
GPE,robitussin,1
GPE,rome,1
GPE,route.\n\nmanna,1
GPE,rude.\n\nand,1
GPE,s.c.,1
GPE,saguaro,1
GPE,sambalatte,1
GPE,san jose,1
GPE,san tan,1
GPE,san tan valley,1
GPE,sandra,1
GPE,sandwich,1
GPE,sangria,1
GPE,santa,1
GPE,santa monica.\n\n(mediterranean bass,1
GPE,sao reno,1
GPE,sashimi,1
GPE,scold,1
GPE,scotts airport,1
GPE,seville,1
GPE,sf,1
GPE,shanghai,1
GPE,sheetz,1
GPE,shiloh,1
GPE,sin city,1
GPE,singapore,1
GPE,snaps,1
GPE,south carolina,1
GPE,south park,1
GPE,southern hills,1
GPE,spain,1
GPE,spencers,1
GPE,sprinkles,1
GPE,steer,1
GPE,stratta,1
GPE,strip,1
GPE,sugar,1
GPE,sukey,1
GPE,sun.\n\nwe,1
GPE,sw,1
GPE,taiwan,1
GPE,tandoori village,1
GPE,tartufo,1
GPE,tehran,1
GPE,textures.\n\nmy,1
GPE,the county shelter,1
GPE,the las vegas strip,1
GPE,the maricopa county shelter,1
GPE,the usual vegas,1
GPE,thyme,1
GPE,tibetan,1
GPE,toronto,1
GPE,totally,1
GPE,treasure island,1
GPE,trotzdem,1
GPE,tucson,1
GPE,u.s.,1
GPE,u.s.\n\nfor,1
GPE,uptown charlotte,1
GPE,usually zuke,1
GPE,vegas strip,1
GPE,vegas valley,1
GPE,vegas!\,1
GPE,vermont,1
GPE,vicino,1
GPE,vietnam,1
GPE,vw,1
GPE,want.\n\nnow,1
GPE,washington,1
GPE,weekends,1
GPE,wellington,1
GPE,work!\n\nand,1
GPE,wyndham,1
GPE,yelping,1
GPE,yen,1
GPE,yoshida,1
GPE,zeppoli,1
GPE,zero,1
GPE,zerona,1
GPE,zilch,1
LOC,strip,21
LOC,nyc,12
LOC,mandalay bay,9
LOC,vegas,7
LOC,valley,5
LOC,breakfast,4
LOC,north,4
LOC,old town,4
LOC,lake brome,3
LOC,pecos,3
LOC,sahara,3
LOC,south,3
LOC,the east coast,3
LOC,west,3
LOC,europe,2
LOC,gold circle,2
LOC,highland tavern,2
LOC,long island,2
LOC,mango,2
LOC,mediterranean,2
LOC,old montreal,2
LOC,the east valley,2
LOC,the gulf of mexico,2
LOC,the mahi mahi,2
LOC,the mandalay bay,2
LOC,the north atlantic,2
LOC,wifey,2
LOC,32nd st,1
LOC,another pita jungle,1
LOC,asia,1
LOC,az!\n\nps,1
LOC,barros,1
LOC,be.\ni,1
LOC,beef.\n\nmy,1
LOC,branzino,1
LOC,cajun,1
LOC,caribbean,1
LOC,carolina,1
LOC,central phoenix,1
LOC,chef ramsay's,1
LOC,ckicken teppanyaki,1
LOC,coliseum,1
LOC,death valley,1
LOC,east,1
LOC,east coast,1
LOC,east fremont,1
LOC,egg,1
LOC,ellis island,1
LOC,gold coast,1
LOC,green curry,1
LOC,happy valley,1
LOC,heaven.\n\nfor,1
LOC,honey moon sweets,1
LOC,island,1
LOC,kore,1
LOC,korean garden bbq,1
LOC,lake,1
LOC,lake wylie,1
LOC,lone mountain,1
LOC,maricopa,1
LOC,mojo,1
LOC,my long island,1
LOC,north america,1
LOC,north phoenix,1
LOC,north scottsdale,1
LOC,northeast phoenix,1
LOC,old italy,1
LOC,paradise valley mall,1
LOC,pearl,1
LOC,pici,1
LOC,point brugge,1
LOC,red chili oil,1
LOC,river island,1
LOC,samwoo,1
LOC,sf bay,1
LOC,shame::\nate,1
LOC,spring mountain,1
LOC,stratosphere,1
LOC,sun,1
LOC,talking stick resort,1
LOC,the chicken mount etna,1
LOC,the garden of eden,1
LOC,the lazy river,1
LOC,the massage heights,1
LOC,the north end,1
LOC,the north side,1
LOC,the park central mall,1
LOC,the river island,1
LOC,the san francisco bay area's,1
LOC,the sg valley,1
LOC,the south side,1
LOC,the toyko bay,1
LOC,the w coast,1
LOC,the west coast,1
LOC,the wicked spoon,1
LOC,treasure island,1
LOC,west coast,1
LOC,wicked spoon,1
MONEY,10,34
MONEY,5,19
MONEY,1,18
MONEY,20,17
MONEY,100,16
MONEY,3,15
MONEY,15,14
MONEY,25,14
MONEY,12,13
MONEY,2,12
MONEY,30,12
MONEY,50,10
MONEY,60,9
MONEY,11,8
MONEY,2.50,8
MONEY,35,8
MONEY,40,8
MONEY,4,6
MONEY,6,6
MONEY,$$$,5
MONEY,14,5
MONEY,200,5
MONEY,21,5
MONEY,24,5
MONEY,7,5
MONEY,7.50,5
MONEY,8,5
MONEY,9,5
MONEY,$,4
MONEY,1.99,4
MONEY,13,4
MONEY,3.50,4
MONEY,5.00,4
MONEY,500,4
MONEY,6.99,4
MONEY,7.99,4
MONEY,70,4
MONEY,1.50,3
MONEY,11.50,3
MONEY,17,3
MONEY,18,3
MONEY,20.00,3
MONEY,32,3
MONEY,5.50,3
MONEY,599,3
MONEY,600,3
MONEY,over $100,3
MONEY,thousands of dollars,3
MONEY,$8,2
MONEY,1.90,2
MONEY,105,2
MONEY,12 dollars,2
MONEY,14.53,2
MONEY,15 bucks,2
MONEY,15 cents,2
MONEY,150,2
MONEY,3.95,2
MONEY,300,2
MONEY,360,2
MONEY,38,2
MONEY,4.50,2
MONEY,400,2
MONEY,49,2
MONEY,5.99,2
MONEY,50 bucks,2
MONEY,6.00,2
MONEY,6.50,2
MONEY,7.95,2
MONEY,70.00,2
MONEY,8.00,2
MONEY,875,2
MONEY,88,2
MONEY,9.00,2
MONEY,9.50,2
MONEY,about $5,2
MONEY,around $200,2
MONEY,"over $1,000",2
MONEY,over $300,2
MONEY,$$$$,1
MONEY,$0.64\ndelivery $,1
MONEY,$10.89/$9.80 sr,1
MONEY,$12,1
MONEY,$179/night,1
MONEY,$2 bucks,1
MONEY,$20 groupon,1
MONEY,$25.00 bucks,1
MONEY,$2k,1
MONEY,$40 million,1
MONEY,$5,1
MONEY,$60 bucks,1
MONEY,$7 to $10,1
MONEY,$7-8,1
MONEY,"1,000",1
MONEY,"1,200",1
MONEY,1.00,1
MONEY,1.75ea,1
MONEY,1.89,1
MONEY,"10,000",1
MONEY,10-,1
MONEY,10-$15,1
MONEY,10-$16,1
MONEY,10.99,1
MONEY,100.00,1
MONEY,107,1
MONEY,11 bucks,1
MONEY,11.00,1
MONEY,11.09\n\nso,1
MONEY,11.99,1
MONEY,110,1
MONEY,1181,1
MONEY,120,1
MONEY,125,1
MONEY,13.99,1
MONEY,130,1
MONEY,14.00,1
MONEY,14.50,1
MONEY,14.95,1
MONEY,144,1
MONEY,145,1
MONEY,15 $,1
MONEY,15 dollars,1
MONEY,16,1
MONEY,16.95,1
MONEY,16.99,1
MONEY,160,1
MONEY,165!\n\nmy,1
MONEY,1700,1
MONEY,2-$4,1
MONEY,2.00,1
MONEY,2.95,1
MONEY,2.99,1
MONEY,20 dollars,1
MONEY,20$,1
MONEY,200-300 bucks,1
MONEY,200.00,1
MONEY,22,1
MONEY,22.00,1
MONEY,24 hour,1
MONEY,24.99,1
MONEY,25 $,1
MONEY,25.99,1
MONEY,280.00,1
MONEY,29.95,1
MONEY,3 dollars,1
MONEY,3.29,1
MONEY,30 bucks,1
MONEY,30 cents,1
MONEY,30.00,1
MONEY,35 $,1
MONEY,35 dollar,1
MONEY,35-45 bucks,1
MONEY,39.52,1
MONEY,39.99+tax).\n\nits,1
MONEY,4 dollars,1
MONEY,4$ tasty,1
MONEY,4.00,1
MONEY,4.69,1
MONEY,4.99,1
MONEY,40 cents,1
MONEY,40-$65,1
MONEY,42,1
MONEY,42 dollars,1
MONEY,42.00,1
MONEY,4322\,1
MONEY,44,1
MONEY,441,1
MONEY,45 dollars,1
MONEY,47,1
MONEY,5 bucks,1
MONEY,5 dollar,1
MONEY,5 dollars,1
MONEY,5$,1
MONEY,5.75,1
MONEY,5.95,1
MONEY,50 cents,1
MONEY,50 dollar,1
MONEY,50 dollars,1
MONEY,53,1
MONEY,55,1
MONEY,59,1
MONEY,59.00,1
MONEY,6 bucks,1
MONEY,6 dollar,1
MONEY,6.25,1
MONEY,6.30,1
MONEY,6.95,1
MONEY,60$,1
MONEY,62,1
MONEY,65$,1
MONEY,65.00,1
MONEY,660.00,1
MONEY,67,1
MONEY,69,1
MONEY,7 over $1k.,1
MONEY,7.25,1
MONEY,7.59,1
MONEY,7.62,1
MONEY,7.99\,1
MONEY,70 cents,1
MONEY,75,1
MONEY,75 cents,1
MONEY,75$ +,1
MONEY,75-$200,1
MONEY,79.00,1
MONEY,8 bucks,1
MONEY,8$,1
MONEY,8.50,1
MONEY,8.59/$7.73,1
MONEY,8.95,1
MONEY,8.99,1
MONEY,80 bucks,1
MONEY,80 dollars,1
MONEY,83,1
MONEY,890.00,1
MONEY,9$,1
MONEY,90,1
MONEY,900,1
MONEY,95,1
MONEY,96,1
MONEY,99,1
MONEY,99 cent,1
MONEY,99(specials,1
MONEY,99.00,1
MONEY,\n- $25/day,1
MONEY,a few more $$$,1
MONEY,a few more dollars,1
MONEY,a little over $7,1
MONEY,a thousand dollars,1
MONEY,about $,1
MONEY,about $10,1
MONEY,about $10-$15,1
MONEY,about $120,1
MONEY,about $15,1
MONEY,about $20.\n\nthe,1
MONEY,about $200,1
MONEY,about $2000,1
MONEY,about $30,1
MONEY,about $6.50,1
MONEY,about $60,1
MONEY,about $65 bucks,1
MONEY,about $7,1
MONEY,about $8.00,1
MONEY,about 5$,1
MONEY,almost $30,1
MONEY,almost $70,1
MONEY,almost $700,1
MONEY,almost 10 bucks,1
MONEY,an additional $40,1
MONEY,an additional $410,1
MONEY,an additional $50,1
MONEY,an additional $6.00,1
MONEY,an additional 95 cents,1
MONEY,an extra,1
MONEY,an extra $20,1
MONEY,another $5,1
MONEY,another $580,1
MONEY,another $8,1
MONEY,another penny,1
MONEY,approximately $5.\n\ni,1
MONEY,arbitrary $50,1
MONEY,around $8,1
MONEY,around $80,1
MONEY,around 5 bucks,1
MONEY,close to $10,1
MONEY,close to $100,1
MONEY,every cent,1
MONEY,every penny,1
MONEY,every single penny,1
MONEY,five bucks,1
MONEY,hundreds of dollars,1
MONEY,like $80+ dollars,1
MONEY,more than $40 bucks,1
MONEY,more than $400 dollars,1
MONEY,more than 5 bucks,1
MONEY,no less than $150,1
MONEY,noses!\n\n45 dollars,1
MONEY,one extra dollar,1
MONEY,only $130,1
MONEY,only $29,1
MONEY,only $8500,1
MONEY,over $100 dollars,1
MONEY,over $1000,1
MONEY,over $12,1
MONEY,over $200,1
MONEY,over $250,1
MONEY,over $2500.00,1
MONEY,over $40.00,1
MONEY,over $5.50,1
MONEY,over $600,1
MONEY,over 100 bucks,1
MONEY,salty.\n       - $6.50,1
MONEY,the 30 cents,1
MONEY,twenty dollars,1
MONEY,two bucks,1
MONEY,two dollars,1
MONEY,up to,1
MONEY,up to $119.80,1
MONEY,up to $200,1
ORG,bbq,28
ORG,starbucks,26
ORG,un,22
ORG,never,16
ORG,az,15
ORG,portillo,13
ORG,yelp,13
ORG,hertz,11
ORG,wow,11
ORG,"\""""i",10
ORG,ipad,10
ORG,mgm,10
ORG,great,8
ORG,subway,8
ORG,awesome,7
ORG,buffet,7
ORG,cosmo,7
ORG,free,7
ORG,omg,6
ORG,panda express,6
ORG,pnc,6
ORG,rio,6
ORG,scottsdale,6
ORG,target,6
ORG,way,6
ORG,aj,5
ORG,atm,5
ORG,bacon,5
ORG,bj,5
ORG,dragon court,5
ORG,eta,5
ORG,gm,5
ORG,kfc,5
ORG,lol,5
ORG,titanic,5
ORG,valet,5
ORG,wtf,5
ORG,yelpers,5
ORG,"\""""we",4
ORG,asu,4
ORG,caesar,4
ORG,caesars,4
ORG,chicagoland,4
ORG,costco,4
ORG,customer,4
ORG,cvs,4
ORG,denny's,4
ORG,eur,4
ORG,excalibur,4
ORG,fleur,4
ORG,hot,4
ORG,l&s,4
ORG,la senza,4
ORG,livingsocial,4
ORG,margarita,4
ORG,menu,4
ORG,mirage,4
ORG,packed,4
ORG,pepsi,4
ORG,taco,4
ORG,taco bell,4
ORG,the lash artist,4
ORG,walmart,4
ORG,whole foods,4
ORG,worst,4
ORG,acacia caf\u00e9,3
ORG,bad,3
ORG,battista,3
ORG,chips,3
ORG,coke,3
ORG,customer service,3
ORG,d\u00e9cor,3
ORG,das,3
ORG,guinness,3
ORG,gvr,3
ORG,hertz clt,3
ORG,honey,3
ORG,in-n-out,3
ORG,jaleo,3
ORG,love,3
ORG,macy,3
ORG,mastercard,3
ORG,matthews animal clinic,3
ORG,mayo,3
ORG,next,3
ORG,nick,3
ORG,nm,3
ORG,noda,3
ORG,ny,3
ORG,open table,3
ORG,pasta,3
ORG,peaks,3
ORG,phx,3
ORG,price,3
ORG,rosita,3
ORG,sls,3
ORG,sr,3
ORG,stack,3
ORG,steakhouse,3
ORG,teriyaki,3
ORG,tropicana,3
ORG,tsa,3
ORG,tyler,3
ORG,yum,3
ORG,\n\nstaff,2
ORG,always,2
ORG,anyone,2
ORG,applebee,2
ORG,asada,2
ORG,asap,2
ORG,at&t,2
ORG,az federal,2
ORG,bf,2
ORG,bff,2
ORG,boiling crab,2
ORG,budweiser,2
ORG,burger king,2
ORG,bww,2
ORG,ca,2
ORG,cabellas,2
ORG,caliber collision,2
ORG,carmel,2
ORG,carnegie,2
ORG,chase,2
ORG,chelsea,2
ORG,christina,2
ORG,cinco de mayo,2
ORG,cockburn,2
ORG,cox,2
ORG,dead,2
ORG,decor,2
ORG,diners,2
ORG,dirty,2
ORG,disney,2
ORG,dmv,2
ORG,dri,2
ORG,einstein brothers bagels,2
ORG,everytime,2
ORG,fed,2
ORG,first option,2
ORG,flagstaff,2
ORG,foothills,2
ORG,fum\u00e9,2
ORG,fyi,2
ORG,hash house a go go,2
ORG,hibachi,2
ORG,honda,2
ORG,hotel,2
ORG,ipad 2,2
ORG,ishi,2
ORG,justin,2
ORG,kjzz,2
ORG,los,2
ORG,lotus,2
ORG,mac n,2
ORG,magic,2
ORG,man vs food,2
ORG,margaritas,2
ORG,margaritaville,2
ORG,marquee,2
ORG,mcdonald,2
ORG,mercedes,2
ORG,mgm grand,2
ORG,nhl,2
ORG,nj,2
ORG,npr,2
ORG,nueske,2
ORG,nyc,2
ORG,nye,2
ORG,original,2
ORG,pakastani,2
ORG,pinot noir,2
ORG,planet fitness,2
ORG,postino,2
ORG,rainbow,2
ORG,raw,2
ORG,red lobster,2
ORG,red velvet,2
ORG,rei,2
ORG,restaurant,2
ORG,riviera,2
ORG,run,2
ORG,safeway,2
ORG,salat,2
ORG,sam's club,2
ORG,sapporo,2
ORG,sasasweets,2
ORG,sat,2
ORG,seafood,2
ORG,seared,2
ORG,sears,2
ORG,shop,2
ORG,still,2
ORG,stupid,2
ORG,sun,2
ORG,sw,2
ORG,tabasco,2
ORG,tacos,2
ORG,target stores,2
ORG,tempe,2
ORG,thai lotus,2
ORG,the cream cheese brownie,2
ORG,the red wine reduction,2
ORG,the rock n roll,2
ORG,thompsons,2
ORG,time,2
ORG,time out,2
ORG,too,2
ORG,toyota,2
ORG,trump,2
ORG,u,2
ORG,ufc,2
ORG,unlv,2
ORG,us airways,2
ORG,visa,2
ORG,vista,2
ORG,wal-mart,2
ORG,wally's,2
ORG,yikes,2
ORG,ymca,2
ORG,- steak & brisket,1
ORG,1st & last,1
ORG,43rd ave & peoria,1
ORG,53rd ave. & indian school,1
ORG,830pm,1
ORG,930pm,1
ORG,"\""""banana cream pie, fudgesicle \""""ice\",1
ORG,"\""""good",1
ORG,"\""""main\",1
ORG,"\""""men\",1
ORG,"\""""sampler",1
ORG,"\""""trying",1
ORG,"\""""will",1
ORG,"\""""yeah",1
ORG,\n\nall,1
ORG,\n\ndavena,1
ORG,\n\ndogs,1
ORG,\n\nfood,1
ORG,\n\nglenn,1
ORG,\n\ngood mexican,1
ORG,\n\njaleo,1
ORG,\n\nwell,1
ORG,\n\nwine &,1
ORG,\nd,1
ORG,\nder,1
ORG,\u00a0in,1
ORG,a california roll,1
ORG,a gin &,1
ORG,a pitts-burgher,1
ORG,a-team motorcycles,1
ORG,abandoned,1
ORG,abbildungen,1
ORG,ac,1
ORG,acacia caf\u00e9's,1
ORG,ace,1
ORG,adult a,1
ORG,again,1
ORG,ahem,1
ORG,air,1
ORG,al pastor,1
ORG,aldi,1
ORG,all things considered,1
ORG,all.\nfood,1
ORG,aloha,1
ORG,aloha specialties,1
ORG,alway,1
ORG,amazon,1
ORG,amc,1
ORG,an urgent care,1
ORG,animal burger,1
ORG,anymore,1
ORG,anyway,1
ORG,anywhere,1
ORG,arcadia,1
ORG,arco,1
ORG,arizona peach ale,1
ORG,armchair books,1
ORG,arncini,1
ORG,arrangements.\n\ngld,1
ORG,art of flavors,1
ORG,asada burrito,1
ORG,atendent,1
ORG,athena,1
ORG,atm fees,1
ORG,attendee,1
ORG,audi,1
ORG,auf die,1
ORG,"aunts, uncles and cousins",1
ORG,ausprobieren,1
ORG,autistic,1
ORG,aveda,1
ORG,awd,1
ORG,awful,1
ORG,az music,1
ORG,az wines,1
ORG,b\u00e4cker,1
ORG,b\u00f6ckeler service klassiker,1
ORG,b\u00f6ckeler team,1
ORG,bacon burger,1
ORG,bad customer service,1
ORG,bagels,1
ORG,bailey's irish cream,1
ORG,bailey's irish cream creme brulee,1
ORG,bally's,1
ORG,bang.\nyou,1
ORG,bank,1
ORG,bank of america,1
ORG,bark,1
ORG,barro,1
ORG,"barrymore, public house",1
ORG,bars,1
ORG,barton,1
ORG,bassista,1
ORG,bbb,1
ORG,bears and bulls,1
ORG,beaucoup de choix de viandes,1
ORG,beaux de montr\u00e9al,1
ORG,beef brisket,1
ORG,beginning:\n\na,1
ORG,behaving.\n\nour party,1
ORG,bell,1
ORG,bell pepper fan,1
ORG,bentley,1
ORG,berry farm,1
ORG,best crab claws,1
ORG,besuch,1
ORG,better decor & less,1
ORG,bevello,1
ORG,beverley,1
ORG,big wongs,1
ORG,billig-konzentrat,1
ORG,bin nicht,1
ORG,bizzarro world,1
ORG,black,1
ORG,black angus beef,1
ORG,black fig,1
ORG,black ops,1
ORG,blech,1
ORG,bleu,1
ORG,blondie,1
ORG,bloody marys,1
ORG,blt,1
ORG,blue,1
ORG,blue 32,1
ORG,blue fin,1
ORG,blue moon,1
ORG,blues,1
ORG,bmw,1
ORG,boba,1
ORG,bogo,1
ORG,bok choy & fried rice,1
ORG,bollywood,1
ORG,bonanza,1
ORG,bones.\npinakbet,1
ORG,boom boom boom,1
ORG,border grill's,1
ORG,boring.\n- meatball,1
ORG,bouchon - mon ami gabi,1
ORG,bouncer,1
ORG,bountiful baskets,1
ORG,braddaaaaahs,1
ORG,brand,1
ORG,bref,1
ORG,brio,1
ORG,british food,1
ORG,brl,1
ORG,brother,1
ORG,brownie,1
ORG,brownie batter,1
ORG,brownie batter to birthday cake to cotton candy to pomegranate,1
ORG,brownies,1
ORG,bs,1
ORG,bud light limes,1
ORG,buds.\n       - authentic - from,1
ORG,buffets,1
ORG,burger,1
ORG,burger bar,1
ORG,burger king.\n\nanyway,1
ORG,burger time,1
ORG,butabara - pork,1
ORG,bw,1
ORG,bye-bye ballys,1
ORG,byob,1
ORG,c'est,1
ORG,c'est super truck,1
ORG,c'est un,1
ORG,c-fu,1
ORG,cab,1
ORG,cabana,1
ORG,cadillac,1
ORG,caesars palace,1
ORG,cafe lago,1
ORG,cajun queen,1
ORG,cajun/creole,1
ORG,cake,1
ORG,calamari,1
ORG,california hotel,1
ORG,cantina,1
ORG,capital plumbing,1
ORG,capitol,1
ORG,caramel,1
ORG,carbon wheel,1
ORG,cards,1
ORG,carnegie deli,1
ORG,carpet\,1
ORG,carrots,1
ORG,cash).\n\nthe,1
ORG,casino,1
ORG,cc,1
ORG,ce qui,1
ORG,ceasars,1
ORG,celebrity,1
ORG,century theaters,1
ORG,certificate,1
ORG,ces,1
ORG,ceviche,1
ORG,chandeliers.\n\n3,1
ORG,chandler & old town,1
ORG,changed??\ncar,1
ORG,changs,1
ORG,chardonay,1
ORG,chardonnay,1
ORG,charlotte restaurant week,1
ORG,charme,1
ORG,chawan mushi - steamed,1
ORG,che consiglio e che rifarei.\nl'hotel,1
ORG,che poi hanno risolto,1
ORG,cheap/affordable,1
ORG,cheese - good,1
ORG,cheese balls,1
ORG,cheese burrito,1
ORG,cheeseburgers,1
ORG,chef,1
ORG,"chekhov, byron and shelley",1
ORG,chevron,1
ORG,chevron gas station,1
ORG,chez panisse,1
ORG,chic fil,1
ORG,chicken,1
ORG,chillspot,1
ORG,chilly bombers,1
ORG,chinse,1
ORG,chintzy,1
ORG,chow hall,1
ORG,christmassy,1
ORG,chrysler,1
ORG,chutney,1
ORG,cinco de mayo!\n\nthe,1
ORG,circus,1
ORG,circus circus,1
ORG,cirque,1
ORG,ck,1
ORG,clean,1
ORG,clifton's cafeteria and oki,1
ORG,cm,1
ORG,cmu,1
ORG,cnn,1
ORG,cocktail - shrimp,1
ORG,coconut,1
ORG,coin n'h\u00e9sitez,1
ORG,cold beers,1
ORG,cold stone,1
ORG,collision authority,1
ORG,comcast,1
ORG,complete,1
ORG,consumer reports,1
ORG,convention,1
ORG,cooper's,1
ORG,coors,1
ORG,coors light,1
ORG,copeaux de mozzarella,1
ORG,corn - cilantro sauce,1
ORG,corned,1
ORG,cornish pasty company,1
ORG,corvette,1
ORG,coulter infiniti,1
ORG,coupon!!!!\n\nthat,1
ORG,cowboy,1
ORG,cozy &,1
ORG,crab ragoons,1
ORG,crab\n\nporterhouse:\nhuge,1
ORG,creative loafing,1
ORG,croque madame,1
ORG,csi,1
ORG,cucumber,1
ORG,culinary dropout,1
ORG,cup!\n\nmy,1
ORG,cupcakery,1
ORG,cupcrazed,1
ORG,curry,1
ORG,custard and steakburgers,1
ORG,cute,1
ORG,cvs darcy,1
ORG,daicon curls,1
ORG,damn,1
ORG,danyel,1
ORG,darren of incredible roofs,1
ORG,das management,1
ORG,das restaurant,1
ORG,dbg,1
ORG,dean & deluca,1
ORG,della caparra sulla carta,1
ORG,dem blattsalat,1
ORG,der service,1
ORG,dessert.\n\nfor,1
ORG,dessert.\n\nservice- 4.5,1
ORG,diamond,1
ORG,diavola,1
ORG,die schnitzel,1
ORG,different.\n    they,1
ORG,dislike,1
ORG,disney world,1
ORG,diva,1
ORG,do not park in the condo decks,1
ORG,doc,1
ORG,doggie day camp,1
ORG,dominos,1
ORG,douchebag,1
ORG,downtown phoenix public market,1
ORG,dq,1
ORG,dresses,1
ORG,drinks,1
ORG,drive-ins and dives,1
ORG,droit de fouiller,1
ORG,dry cleaners,1
ORG,"dryer, & 50\",1
ORG,dungeness crab,1
ORG,dunkin' donuts,1
ORG,durango & n i-215,1
ORG,dvlb,1
ORG,eastern,1
ORG,eat,1
ORG,eat n park-,1
ORG,edward scissorhands,1
ORG,eek.\n\nwe,1
ORG,egg drop soup & singapore mai fun (which,1
ORG,ein ec-terminal,1
ORG,einrichtungen,1
ORG,eistheke,1
ORG,el charro,1
ORG,el hefe,1
ORG,el medio,1
ORG,el segundo sol,1
ORG,el segundo sol team,1
ORG,el segundo sol was excellent,1
ORG,el torito,1
ORG,eli,1
ORG,eli's,1
ORG,elite floor & furniture cleaning,1
ORG,elliot and i10,1
ORG,empanadas,1
ORG,empress,1
ORG,encore/wynn,1
ORG,endocrinologist,1
ORG,enough,1
ORG,entire,1
ORG,epic,1
ORG,epicentre,1
ORG,equate,1
ORG,esb,1
ORG,"eur 3,02",1
ORG,euro,1
ORG,ever.\n\nwe,1
ORG,everado,1
ORG,except,1
ORG,exit,1
ORG,experience.\n\nthe,1
ORG,extra spicy (hot hot hot,1
ORG,extremely,1
ORG,fabulous,1
ORG,fairmont,1
ORG,fait avec des graines de carvi,1
ORG,fantastic &,1
ORG,fast!\n\nnext,1
ORG,fat burger and in & out burger,1
ORG,favor,1
ORG,favorit,1
ORG,fazit,1
ORG,ffs,1
ORG,fidelity,1
ORG,finish,1
ORG,fire dogs,1
ORG,firm,1
ORG,first american,1
ORG,fish&chips,1
ORG,five guys,1
ORG,flamingo and durango,1
ORG,flank,1
ORG,flautas,1
ORG,fnb,1
ORG,food,1
ORG,food & went,1
ORG,food (burrito/bowl,1
ORG,food express,1
ORG,foundation,1
ORG,four seasons,1
ORG,fox,1
ORG,fox n hound,1
ORG,fratelli,1
ORG,freddie freeloader,1
ORG,frenchman,1
ORG,fresh attractions,1
ORG,fri,1
ORG,fri sat,1
ORG,fried,1
ORG,fried mac &,1
ORG,"fries, burgers & onion rings",1
ORG,frog,1
ORG,front,1
ORG,frontier,1
ORG,frosted grape,1
ORG,fruity pebbles,1
ORG,fry's,1
ORG,ftp,1
ORG,fushion sushi & japanese traditional sush,1
ORG,fyi.\n\nif,1
ORG,ga,1
ORG,gainy ranch,1
ORG,gameworks,1
ORG,garderobe,1
ORG,garlic potato - an,1
ORG,geht garnicht.\nan,1
ORG,gel,1
ORG,geldbeutel,1
ORG,genre de truc,1
ORG,george & son,1
ORG,get new management in here & tighten,1
ORG,giant,1
ORG,giants,1
ORG,glendale/phoenix,1
ORG,go,1
ORG,gold's,1
ORG,golds,1
ORG,good food,1
ORG,google,1
ORG,gosta de arte,1
ORG,gourmet burgers,1
ORG,grant green,1
ORG,gravy,1
ORG,gravy!\nwe,1
ORG,great big menu,1
ORG,great food,1
ORG,great place,1
ORG,green acre boarding,1
ORG,grey lemonade-it's,1
ORG,group,1
ORG,guacamole,1
ORG,h\u00e4lfte,1
ORG,haagen,1
ORG,halcyon,1
ORG,haley,1
ORG,half & half,1
ORG,halo,1
ORG,hard rocks,1
ORG,harley,1
ORG,hate,1
ORG,hawaiin,1
ORG,heart,1
ORG,heat\n*lan,1
ORG,heavily,1
ORG,heinz,1
ORG,helen,1
ORG,hell,1
ORG,hello kitty,1
ORG,hen's house,1
ORG,henna,1
ORG,hertz left us stranded in,1
ORG,hgtv,1
ORG,hhagg,1
ORG,hilton honors,1
ORG,hit,1
ORG,hitting,1
ORG,hmdqgckvuoo\n\nfood,1
ORG,hojos,1
ORG,holiday inn,1
ORG,home.\n\nthe,1
ORG,honeymoon sweets,1
ORG,hopefully this chili's,1
ORG,horizon,1
ORG,house,1
ORG,house & hip hop,1
ORG,house margaritas,1
ORG,howse,1
ORG,hungry fisherman,1
ORG,hustle,1
ORG,hyatt places,1
ORG,hyundai,1
ORG,i.,1
ORG,ibu,1
ORG,ichiza,1
ORG,ikura,1
ORG,immediately,1
ORG,imo,1
ORG,impeccable.\n\nsome,1
ORG,impressed,1
ORG,inclined,1
ORG,incredible,1
ORG,indian school,1
ORG,indigo,1
ORG,infer,1
ORG,ipa,1
ORG,iphix,1
ORG,it'e,1
ORG,it.\n\nit,1
ORG,italian fries,1
ORG,jackbeagles,1
ORG,jake,1
ORG,javier,1
ORG,jean phillipe's,1
ORG,jeep,1
ORG,jenni pho,1
ORG,jlo,1
ORG,kappe,1
ORG,karte,1
ORG,kece,1
ORG,kellner,1
ORG,kill,1
ORG,kindest,1
ORG,kinkade,1
ORG,kk,1
ORG,kleinigkeiten,1
ORG,knot's,1
ORG,know)\n\n(newly,1
ORG,know--,1
ORG,kobe,1
ORG,koi,1
ORG,kraft mac,1
ORG,kunden keinerlei system,1
ORG,kung pao,1
ORG,kurze,1
ORG,kyot,1
ORG,la petite france,1
ORG,la proximit\u00e9 d'un,1
ORG,landline!\n\nzero,1
ORG,laroche,1
ORG,lasalle college,1
ORG,lash artist,1
ORG,laxative,1
ORG,lazy,1
ORG,le,1
ORG,le burger,1
ORG,le naan,1
ORG,le parc,1
ORG,le thai,1
ORG,leave!\n9.,1
ORG,leche,1
ORG,lechon,1
ORG,lecture,1
ORG,lemon &,1
ORG,les co\u00fbts sont \u00e9lev\u00e9s,1
ORG,les crosmesquis de foie gras,1
ORG,lettuce,1
ORG,liberty,1
ORG,liberty ave,1
ORG,light rail,1
ORG,likewike,1
ORG,limit,1
ORG,limoncello,1
ORG,lincoln,1
ORG,linhs alterations,1
ORG,links,1
ORG,lmao,1
ORG,loaner cars available?!\n\ni'm,1
ORG,loans & grants,1
ORG,longhorn steakhouse,1
ORG,los olivo's,1
ORG,los paisas,1
ORG,lot,1
ORG,lots,1
ORG,love hashouse,1
ORG,love mexican food,1
ORG,loved,1
ORG,loving hut,1
ORG,lucky man productions,1
ORG,luckyrice,1
ORG,lunch/dinner,1
ORG,lunde peoria volkswagen,1
ORG,lv.\n\nyou,1
ORG,lvpd,1
ORG,mac,1
ORG,mac & chz,1
ORG,mac n cheese,1
ORG,macaconi & cheese,1
ORG,macht,1
ORG,macroni & chesse,1
ORG,madison 3 months ago,1
ORG,mai tais,1
ORG,major league bar hall of fame,1
ORG,mamapedia for jump and,1
ORG,management,1
ORG,manicure & pedicure,1
ORG,manis & pedis,1
ORG,mann,1
ORG,margarine,1
ORG,marrakech,1
ORG,marriott &,1
ORG,matteo,1
ORG,matzo balls,1
ORG,max,1
ORG,mcc,1
ORG,mccoy,1
ORG,mcdonalds,1
ORG,mcgill ghetto-ites,1
ORG,mclean,1
ORG,mega furniture,1
ORG,mercedes benz,1
ORG,mercedes benz van,1
ORG,merguez & artichoke,1
ORG,merlot,1
ORG,mesa,1
ORG,mesa arts center,1
ORG,mesa grill,1
ORG,metro carpet care,1
ORG,mgm 2,1
ORG,mh fitness,1
ORG,michelin,1
ORG,mignon(which,1
ORG,miguel's booth\n\ncons - it's,1
ORG,mike mignola's,1
ORG,mindy & regina's,1
ORG,minute\,1
ORG,mistake!\n\ni,1
ORG,mlb - major league bars,1
ORG,mojito,1
ORG,monkland vet,1
ORG,monta noodle house,1
ORG,mooresville,1
ORG,more.\nrichard,1
ORG,motor vehicle,1
ORG,mousse,1
ORG,mpg import auto service,1
ORG,msg,1
ORG,muramoto at hilldale,1
ORG,mvp,1
ORG,nachbartisch,1
ORG,nachdem,1
ORG,nachfolger vom caf\u00e9,1
ORG,nada,1
ORG,nakama,1
ORG,nasa,1
ORG,nasty,1
ORG,naz,1
ORG,nebentisch,1
ORG,necessary,1
ORG,negi ma - chicken,1
ORG,neighborhood,1
ORG,nett,1
ORG,never go back,1
ORG,nfg,1
ORG,nice,1
ORG,nice & clean,1
ORG,nicht aus,1
ORG,nicht der service,1
ORG,night!)\n\nwe,1
ORG,nlcs,1
ORG,noca,1
ORG,nom,1
ORG,non posso che,1
ORG,none,1
ORG,nope,1
ORG,north scottsdale,1
ORG,nowhere,1
ORG,nugget,1
ORG,nutcracker,1
ORG,nutella,1
ORG,ny style,1
ORG,nypd,1
ORG,nyu/va/bellevue,1
ORG,off the hook,1
ORG,ok & way,1
ORG,oktoberfest &,1
ORG,old,1
ORG,olive & ivy,1
ORG,on the counter,1
ORG,orange julep,1
ORG,orange leaf,1
ORG,orange vanilla saffron-not,1
ORG,orangina,1
ORG,ordered:\nseafood,1
ORG,outback steakhouse,1
ORG,outlet,1
ORG,pak,1
ORG,pakastanie,1
ORG,palm,1
ORG,panda express.\n\nthe,1
ORG,panini's,1
ORG,papa del's,1
ORG,papago,1
ORG,parc ave,1
ORG,parker,1
ORG,parker's moving service,1
ORG,party,1
ORG,parvo 5 days,1
ORG,pass.\n\ngvr,1
ORG,passat,1
ORG,pasta pompadour,1
ORG,pasty co. service,1
ORG,pate,1
ORG,pei,1
ORG,pepper& strawberry,1
ORG,pepto,1
ORG,perch\u00e8 c'\u00e8,1
ORG,perfectly.\n       - value - you,1
ORG,personal pinkeleuros wechseln.\n\n\n sorry,1
ORG,pgh,1
ORG,phil & sebastian,1
ORG,philadelphia sandwich,1
ORG,pho,1
ORG,phoenix/scottsdale,1
ORG,photofusion,1
ORG,pico de gallo,1
ORG,pie,1
ORG,pie-perfect,1
ORG,pieces.\n\nthe black & blue,1
ORG,pineapple,1
ORG,pitchfork & corks,1
ORG,pizza factory,1
ORG,pizza hut,1
ORG,pj,1
ORG,plat,1
ORG,point blank period,1
ORG,polynesian / south pacific inspired,1
ORG,pommes,1
ORG,pool,1
ORG,popcorn,1
ORG,popeyes,1
ORG,poss\u00e8de un,1
ORG,post office,1
ORG,potato patch fries,1
ORG,preis,1
ORG,preise ordentliche portionen,1
ORG,pretzel,1
ORG,priceline,1
ORG,princes st (jenners,1
ORG,props,1
ORG,proserv,1
ORG,pub at caesar's palace,1
ORG,pupusas,1
ORG,put some benches along your,1
ORG,qualitativ,1
ORG,raleigh,1
ORG,rangers,1
ORG,ratio.\n       - $1.90,1
ORG,raum,1
ORG,rcp,1
ORG,rdtr,1
ORG,recommend,1
ORG,red pepper,1
ORG,red velvet pancakes,1
ORG,red vines,1
ORG,red wine reduction,1
ORG,restaurant--,1
ORG,restaurant.\n\nwe,1
ORG,rib eye - way,1
ORG,rip off,1
ORG,rip off report,1
ORG,rise,1
ORG,ritz,1
ORG,"riverdance, cirque de soliel's ka",1
ORG,roach motel,1
ORG,roasted potatoes,1
ORG,rolls,1
ORG,romaine lettuce caesar salad,1
ORG,rooms,1
ORG,rover.com,1
ORG,royal w/,1
ORG,ruben,1
ORG,rude,1
ORG,rx,1
ORG,rye and ham & cheese sandwiches,1
ORG,salad,1
ORG,salmon,1
ORG,samsung,1
ORG,sandra b,1
ORG,sandy,1
ORG,sangria,1
ORG,sashimi,1
ORG,sat n sun,1
ORG,sate,1
ORG,sauce,1
ORG,save the dates,1
ORG,sbarro,1
ORG,sbux,1
ORG,schnitzel,1
ORG,schwinn,1
ORG,scotts & phx,1
ORG,scottsdale links,1
ORG,scottsdale sports bar,1
ORG,sears and roebuck,1
ORG,seasoning).\n\nive,1
ORG,sec,1
ORG,server,1
ORG,seville,1
ORG,seville cleaners,1
ORG,shoniku - chicken,1
ORG,showmars,1
ORG,shrimp,1
ORG,shrimp arrabiatta w/ linguini &,1
ORG,siagon,1
ORG,sidebar,1
ORG,sigh,1
ORG,simoniz,1
ORG,sjp,1
ORG,slots a fun at circus circus,1
ORG,slowmed,1
ORG,smashburger,1
ORG,smirnoff,1
ORG,smooth moves,1
ORG,social house,1
ORG,sonora animal hospital,1
ORG,sooooo,1
ORG,sorry,1
ORG,sorts.\n\nand of course,1
ORG,southern hills hospital,1
ORG,southwest airlines,1
ORG,southwest vacation,1
ORG,spicy pumpkin basil,1
ORG,spinato,1
ORG,spirit airlines,1
ORG,sports authority,1
ORG,spring training,1
ORG,spring valley hospital,1
ORG,squaresville,1
ORG,sriracha & hoisin sauce,1
ORG,stanley turrentine,1
ORG,state,1
ORG,state st,1
ORG,steve & barry's,1
ORG,stratta,1
ORG,sub par\n\nclean,1
ORG,sugar factory,1
ORG,sum\nlo mein\n\nneedless,1
ORG,sumits,1
ORG,sunagimo - chicken gizzard,1
ORG,sunland auto,1
ORG,sunup brewing co.,1
ORG,super,1
ORG,super sundae,1
ORG,super truck,1
ORG,superstition springs,1
ORG,sure!\n\nps,1
ORG,sushi/sashimi,1
ORG,taco bell-esque,1
ORG,tacos &,1
ORG,tag.\ngood,1
ORG,takumi,1
ORG,tanaka,1
ORG,tanakas,1
ORG,tandoori times,1
ORG,tatiana,1
ORG,tech,1
ORG,tempe bike,1
ORG,tempe camera,1
ORG,tempe diablo stadium to,1
ORG,tempe marketplace,1
ORG,tempe police,1
ORG,teppanyaki,1
ORG,tepper,1
ORG,teres,1
ORG,teriyaki combo plate,1
ORG,terra.\nabbiamo,1
ORG,terrace caf\u00e9,1
ORG,terrible,1
ORG,tesco value,1
ORG,tessaro,1
ORG,texaz,1
ORG,"thai basil, & white",1
ORG,thai chili,1
ORG,that?\,1
ORG,the 3rd party,1
ORG,"the \""""black & blue\"""".\n\ni",1
ORG,"the \""""warm veal tongue",1
ORG,the art institute of pittsburgh,1
ORG,the badger special,1
ORG,the bananas foster / bread pudding,1
ORG,the bbq chicken,1
ORG,the bechtler museum of modern art,1
ORG,the beef o'brady's,1
ORG,the bei special roll,1
ORG,the bell center,1
ORG,the bellagio fountain show,1
ORG,the best deal anywhere,1
ORG,the big dipper sandwich,1
ORG,the big fight,1
ORG,the big king,1
ORG,the big lots,1
ORG,the birthday cake,1
ORG,the blu burger,1
ORG,the board of health,1
ORG,the bollix spicy potato balls,1
ORG,the california chicken burger,1
ORG,the car drive journey,1
ORG,the casino).\n\npoor food:\n-steak,1
ORG,the chart house,1
ORG,the chick skillet,1
ORG,the chicken waffles,1
ORG,the china buffet,1
ORG,the chocolate peanut butter cup,1
ORG,the cholula boneless wings,1
ORG,the cob & a red potato,1
ORG,the convention center,1
ORG,the cosmopolitan hotel and,1
ORG,the crazy alfredo,1
ORG,the culinary academy of las vegas.\nthey,1
ORG,the d terminal at sky harbor,1
ORG,the dor-stop,1
ORG,the downtown phoenix public market,1
ORG,the earl club,1
ORG,the food,1
ORG,the food network,1
ORG,"the food, & cleaned",1
ORG,the fremont hotel and,1
ORG,the fried mac,1
ORG,the front desk,1
ORG,the front of the house,1
ORG,"the fukuburger \""""food",1
ORG,the ga pow,1
ORG,the green chile pork,1
ORG,the hardrock on rehab,1
ORG,the hibachi chicken,1
ORG,the home theater doctor,1
ORG,the hooters hotel and casino,1
ORG,the hot n juicy special,1
ORG,the i-17 and bethany home rd,1
ORG,the iced tea,1
ORG,the insalata grande,1
ORG,the la senza,1
ORG,the las vegas blvd,1
ORG,the lazy workers,1
ORG,the lemongrass chicken,1
ORG,the living social coupon,1
ORG,the mac n,1
ORG,the mattress factory,1
ORG,the maui rib eye,1
ORG,the meat lovers,1
ORG,the medical center,1
ORG,the mei fun,1
ORG,the mesa arts center,1
ORG,the mint museum,1
ORG,the mirage hotel,1
ORG,the mirage volcano,1
ORG,the mongolian bbq &,1
ORG,the mulligatawny soup,1
ORG,the napa short ribs,1
ORG,the national enquirer,1
ORG,the natto roll,1
ORG,the nba allstars,1
ORG,the nitty gritty,1
ORG,the og chicago,1
ORG,the omni hotel,1
ORG,the oyster bar,1
ORG,the pad thai,1
ORG,the pale ale,1
ORG,the pesto pasta,1
ORG,the pittmaster champion,1
ORG,the pollo asada burrito,1
ORG,the pollo fundido,1
ORG,the pork loin,1
ORG,the primanti brothers,1
ORG,the red beans & rice,1
ORG,the red herring,1
ORG,the red pepper cream,1
ORG,the red rock hotel,1
ORG,the rl:\n\n-site,1
ORG,the roasted duck,1
ORG,the san francisco giants,1
ORG,the scotsman hotel,1
ORG,the scottsdale gun club,1
ORG,the shahi paneer,1
ORG,the sierra hotel,1
ORG,the slice & since,1
ORG,the southwest burrito,1
ORG,the spicy basil duck,1
ORG,the spicy crab,1
ORG,the spicy garlic shrimp,1
ORG,the spider roll,1
ORG,the split pea risotto,1
ORG,the springs cafe,1
ORG,the st james shopping centre,1
ORG,the st louis style spareribs,1
ORG,the stock shop,1
ORG,the sugar factory,1
ORG,the summerhall (arts,1
ORG,the super wal-mart,1
ORG,the supreme master's,1
ORG,the terminal b einstein brothers bagels,1
ORG,the thai spicy,1
ORG,the the bank,1
ORG,the the mix lounge,1
ORG,the the westin villas,1
ORG,the town & country farmers markets,1
ORG,the town of paradise valley,1
ORG,the turkey wrap,1
ORG,the ultimate garlic tuna roll,1
ORG,the underground city tour,1
ORG,the undftd la,1
ORG,the united states postal service,1
ORG,the vanilla waffle,1
ORG,the vanlandingham estate,1
ORG,the verandah cafe,1
ORG,the washington roll,1
ORG,the west valley women's care,1
ORG,the west vally women's care,1
ORG,the white star line,1
ORG,the wolfgang puck bar & grill,1
ORG,the won ton soup,1
ORG,the yelp spring break,1
ORG,thehotel,1
ORG,them!\,1
ORG,thin & crispy & the,1
ORG,threaten,1
ORG,time out lounge,1
ORG,tische,1
ORG,tlc,1
ORG,toby &,1
ORG,tofu hut,1
ORG,tombstone,1
ORG,tone,1
ORG,toppings,1
ORG,torched goodness',1
ORG,tortillas,1
ORG,tottie's,1
ORG,trails,1
ORG,truffle chutney,1
ORG,truffle mac &,1
ORG,tryst,1
ORG,tuna tempura,1
ORG,twelve,1
ORG,two - blue's,1
ORG,u.n.,1
ORG,ui,1
ORG,ulta on lake mead,1
ORG,ultra,1
ORG,un endroit,1
ORG,un lieu pour,1
ORG,unbeatable.\n\nyou,1
ORG,uncle bear's,1
ORG,uncomfortable.\n\nbar,1
ORG,union,1
ORG,university,1
ORG,untouched,1
ORG,update,1
ORG,us.\n\nwill,1
ORG,us@home,1
ORG,usda choice,1
ORG,uye,1
ORG,valley.\n\nthe,1
ORG,vegan & vegetarian dishes,1
ORG,vegas & i,1
ORG,vegetarians & local,1
ORG,veggie,1
ORG,venison chili &,1
ORG,verk\u00e4uferinnen,1
ORG,vert de fraicheur,1
ORG,vikings,1
ORG,villa mirage,1
ORG,vip,1
ORG,vito,1
ORG,viva elvis,1
ORG,viva mercados,1
ORG,vivian,1
ORG,vodka sauce,1
ORG,volkswagen,1
ORG,volkswagen tiguan,1
ORG,von uns nicht genutzt wurde,1
ORG,"vons, albertsons",1
ORG,w hotel,1
ORG,wait,1
ORG,washing machine,1
ORG,water).\n\nour,1
ORG,way!\n\nlola,1
ORG,westin,1
ORG,wet n wild las vegas,1
ORG,whattttt,1
ORG,whole foods market - you'd,1
ORG,wicked spoon,1
ORG,win,1
ORG,winchell,1
ORG,wink &,1
ORG,wolfgang,1
ORG,wonderful,1
ORG,wth,1
ORG,wynn lacks,1
ORG,wynn/encore appetizer crawl,1
ORG,xbox,1
ORG,xoxo,1
ORG,xrta crispy,1
ORG,xtra,1
ORG,yc,1
ORG,yelp's spa night,1
ORG,yelp.\n\ninfo,1
ORG,yelp.com,1
ORG,yogurt & fruit,1
ORG,york co.,1
ORG,you\n\nflank,1
ORG,youfit,1
ORG,yovi,1
ORG,yuckon,1
ORG,yuk,1
ORG,yuk!) & much,1
ORG,yum yum,1
ORG,yum)\n-greek salad,1
ORG,zagat,1
ORG,zeit,1
ORG,zwar,1
ORG,zzeek,1
PERSON,vegas,53
PERSON,bellagio,20
PERSON,madison,15
PERSON,chipotle,11
PERSON,amy,10
PERSON,wifi,9
PERSON,john,8
PERSON,pho,8
PERSON,denny,7
PERSON,groupon,7
PERSON,palazzo,7
PERSON,benedict,6
PERSON,jack,6
PERSON,joe,6
PERSON,meh,6
PERSON,steve,6
PERSON,"\""""well",5
PERSON,domino,5
PERSON,gallagher,5
PERSON,gilbert,5
PERSON,hooters,5
PERSON,jalape\u00f1o,5
PERSON,janmichael,5
PERSON,lee,5
PERSON,mac,5
PERSON,maria,5
PERSON,taylor,5
PERSON,tommy,5
PERSON,wynn,5
PERSON,boxty,4
PERSON,chicken,4
PERSON,connie,4
PERSON,curry chicken,4
PERSON,dive,4
PERSON,ichiza,4
PERSON,jake,4
PERSON,mark,4
PERSON,matt,4
PERSON,mike,4
PERSON,monkey pants,4
PERSON,oregano,4
PERSON,phil,4
PERSON,rex,4
PERSON,tons,4
PERSON,\ni,3
PERSON,allie,3
PERSON,andrew,3
PERSON,bitten,3
PERSON,bleu,3
PERSON,blt,3
PERSON,bread,3
PERSON,brian,3
PERSON,buffet,3
PERSON,bummer,3
PERSON,burgr,3
PERSON,carne asada,3
PERSON,chandler,3
PERSON,cher,3
PERSON,choi,3
PERSON,crispy,3
PERSON,critter ridder,3
PERSON,danny,3
PERSON,dave,3
PERSON,helen,3
PERSON,highly,3
PERSON,howard,3
PERSON,hummus,3
PERSON,jen,3
PERSON,liz,3
PERSON,lo mein,3
PERSON,lunch buffet,3
PERSON,nicole,3
PERSON,parmesan,3
PERSON,patty,3
PERSON,pens,3
PERSON,picazzo,3
PERSON,pikolo,3
PERSON,rachel,3
PERSON,rice,3
PERSON,sprinkles,3
PERSON,tacos,3
PERSON,tao,3
PERSON,tapas,3
PERSON,todd,3
PERSON,tony,3
PERSON,wonton,3
PERSON,yummy,3
PERSON,\n(2,2
PERSON,\n\nthen,2
PERSON,\nit,2
PERSON,al,2
PERSON,angefangen,2
PERSON,angel,2
PERSON,angela,2
PERSON,asada tacos,2
PERSON,austin,2
PERSON,avis las vegas,2
PERSON,banfield,2
PERSON,basil,2
PERSON,bbq,2
PERSON,beatles,2
PERSON,beso,2
PERSON,bien,2
PERSON,big wong's,2
PERSON,bob,2
PERSON,bobbie,2
PERSON,bobby,2
PERSON,bon,2
PERSON,bonilla,2
PERSON,box,2
PERSON,brad,2
PERSON,buffett,2
PERSON,butterfield,2
PERSON,cafe,2
PERSON,cafe laguna,2
PERSON,calvin harris,2
PERSON,camelback,2
PERSON,cappadocia,2
PERSON,caramel latte,2
PERSON,carmella,2
PERSON,chef eric,2
PERSON,chelsea,2
PERSON,cheng,2
PERSON,consistency,2
PERSON,conspire,2
PERSON,cozy,2
PERSON,dessert,2
PERSON,diane,2
PERSON,dusit,2
PERSON,earl grey,2
PERSON,felt,2
PERSON,filet,2
PERSON,foie gras,2
PERSON,frank,2
PERSON,frankie,2
PERSON,frankie scinta,2
PERSON,frederick douglass,2
PERSON,frost bites shavery,2
PERSON,geld,2
PERSON,goodwill,2
PERSON,granted,2
PERSON,gras,2
PERSON,grouchy john's,2
PERSON,grund,2
PERSON,gyro,2
PERSON,gyros,2
PERSON,hahaha,2
PERSON,harrah,2
PERSON,hatte,2
PERSON,hehehe,2
PERSON,hemma,2
PERSON,herb butter,2
PERSON,hose,2
PERSON,hubs,2
PERSON,huevos,2
PERSON,hyde,2
PERSON,iceberg,2
PERSON,jenni pho,2
PERSON,jess,2
PERSON,jessica,2
PERSON,joel robuchon,2
PERSON,jose,2
PERSON,judith,2
PERSON,juicy,2
PERSON,juliobertos,2
PERSON,kann,2
PERSON,kj,2
PERSON,kobe,2
PERSON,kyle,2
PERSON,leider,2
PERSON,lesson,2
PERSON,lin,2
PERSON,lindsey,2
PERSON,line,2
PERSON,lisa,2
PERSON,macys,2
PERSON,meaty,2
PERSON,melanie,2
PERSON,michael henderson,2
PERSON,mill ave,2
PERSON,mint chicken,2
PERSON,mitchell,2
PERSON,mmmmm,2
PERSON,mom,2
PERSON,monroeville,2
PERSON,moon,2
PERSON,nah,2
PERSON,ou,2
PERSON,ours,2
PERSON,pakastani,2
PERSON,patrick,2
PERSON,paul,2
PERSON,pho minh,2
PERSON,pinkberry,2
PERSON,quizno,2
PERSON,red robin,2
PERSON,reuben,2
PERSON,rick,2
PERSON,robert,2
PERSON,rocco,2
PERSON,roger,2
PERSON,rudy,2
PERSON,russell,2
PERSON,ryan,2
PERSON,sam woo's,2
PERSON,sancerre,2
PERSON,sarah,2
PERSON,sardella,2
PERSON,sauce,2
PERSON,sch\u00f6n,2
PERSON,soggy,2
PERSON,sonny,2
PERSON,soooo,2
PERSON,sora,2
PERSON,sprouts,2
PERSON,tap haus,2
PERSON,tempe camera,2
PERSON,thai basil,2
PERSON,thick,2
PERSON,thicker,2
PERSON,thomas,2
PERSON,tisch,2
PERSON,tony roma,2
PERSON,tracy,2
PERSON,val vista,2
PERSON,vato cigars,2
PERSON,vons,2
PERSON,wai,2
PERSON,waren frisch,2
PERSON,warhol,2
PERSON,wendy,2
PERSON,wish,2
PERSON,wolfgang puck,2
PERSON,xs,2
PERSON,yay,2
PERSON,zipps,2
PERSON,- earl,1
PERSON,.something,1
PERSON,2 volcano nachos,1
PERSON,:p,1
PERSON,;-),1
PERSON,=),1
PERSON,"\""""$26",1
PERSON,"\""""--a",1
PERSON,"\""""1.00",1
PERSON,"\""""a",1
PERSON,"\""""edinburgh books\",1
PERSON,"\""""honey",1
PERSON,"\""""hurry up",1
PERSON,"\""""i won't\",1
PERSON,"\""""i'll",1
PERSON,"\""""it",1
PERSON,"\""""on",1
PERSON,"\""""ridiculous sized\""""\nit's",1
PERSON,"\""""so",1
PERSON,"\""""white\",1
PERSON,"\""""why\",1
PERSON,\n***spiandini appetizer,1
PERSON,\n\n1,1
PERSON,\n\n8,1
PERSON,\n\n=)\n\nwe,1
PERSON,\n\nany pasta,1
PERSON,\n\nat,1
PERSON,\n\ndefinitely,1
PERSON,\n\ndon't,1
PERSON,\n\nfyi,1
PERSON,\n\nhe,1
PERSON,\n\ni,1
PERSON,\n\npaul,1
PERSON,\n\nsurrender,1
PERSON,\n\nwhat to know:\n*dine,1
PERSON,\n\nwhen,1
PERSON,\n\nwwwwwoooooooowwwww!!!!\n\nit,1
PERSON,\nab,1
PERSON,\negg,1
PERSON,\nidyllisch,1
PERSON,\nim sommer,1
PERSON,\nin der herrenabteilung,1
PERSON,\u00e9tait un,1
PERSON,\u00fcbrigen f\u00fcr,1
PERSON,\u00fcbrigen werde,1
PERSON,a bloody mary,1
PERSON,a good hamburger,1
PERSON,aaaahhhhhh,1
PERSON,aaron,1
PERSON,aaron schwamberg,1
PERSON,acacia cafe,1
PERSON,adams morgan,1
PERSON,adobada meet,1
PERSON,again\,1
PERSON,ahwatukee,1
PERSON,aktuellen kollektionen mit,1
PERSON,al s. .......,1
PERSON,alan,1
PERSON,alas,1
PERSON,albuquerque,1
PERSON,alfonso,1
PERSON,alien rock 1,1
PERSON,alien rock 2,1
PERSON,all'elara hilton,1
PERSON,allana,1
PERSON,alle leben,1
PERSON,allergen,1
PERSON,alles speisen,1
PERSON,alligator soup,1
PERSON,alyssa,1
PERSON,amanecer salvadoreno,1
PERSON,amelinda l.,1
PERSON,amicis,1
PERSON,"amount\""""\n\n\nat",1
PERSON,anabel,1
PERSON,and/or chicken,1
PERSON,andrea,1
PERSON,andrew h.,1
PERSON,andy gibb's,1
PERSON,anne,1
PERSON,anprobieren angesprochen,1
PERSON,ansicht,1
PERSON,anthony,1
PERSON,anthony bourdain,1
PERSON,anzahl,1
PERSON,apple store,1
PERSON,aria's.\n\nmy,1
PERSON,arincini,1
PERSON,armando martinez,1
PERSON,armchair,1
PERSON,arnold,1
PERSON,arnold palmer-my,1
PERSON,arribas,1
PERSON,arthur,1
PERSON,artificiel mais,1
PERSON,asada burrito,1
PERSON,asada quesadilla,1
PERSON,ashley,1
PERSON,ashley b.,1
PERSON,assolutamente strategico,1
PERSON,auf extras,1
PERSON,aufnahme der bestellung,1
PERSON,avis,1
PERSON,avoooooooid,1
PERSON,awesome!!!\n\nwe,1
PERSON,ayce sushi,1
PERSON,b. coffee,1
PERSON,b\u00f6ckeler,1
PERSON,baby shower,1
PERSON,bacardi,1
PERSON,bachelorette,1
PERSON,baci,1
PERSON,back.\n\nif,1
PERSON,backyard,1
PERSON,bagel shop,1
PERSON,banana,1
PERSON,banquet f&b,1
PERSON,bar bianco,1
PERSON,barneys beer,1
PERSON,barros,1
PERSON,barry,1
PERSON,baseline,1
PERSON,basil chicken,1
PERSON,baxter,1
PERSON,bbq chicken,1
PERSON,bbq pork cuban,1
PERSON,becasue,1
PERSON,bedienung,1
PERSON,bedienung nett,1
PERSON,beef brisket,1
PERSON,beef jerky store,1
PERSON,beef negimaki,1
PERSON,beef schwarma,1
PERSON,beef wellington,1
PERSON,beef.\nmy burger,1
PERSON,beet salad,1
PERSON,bekannten zum,1
PERSON,bekleidungsl\u00e4den,1
PERSON,belagio,1
PERSON,ben,1
PERSON,ben affleck-,1
PERSON,best pho,1
PERSON,best warhol,1
PERSON,bevorzugung der,1
PERSON,biaagia,1
PERSON,biancos,1
PERSON,bien ordinaire,1
PERSON,bien situ\u00e9,1
PERSON,big wong,1
PERSON,bill,1
PERSON,bill vodkas,1
PERSON,bill.\n\nin,1
PERSON,billy,1
PERSON,bin daraufhin sehr gut,1
PERSON,bin daraufhin zu breuninger gegangen,1
PERSON,bin gegangen,1
PERSON,bin kein,1
PERSON,blackjack,1
PERSON,blah,1
PERSON,bland,1
PERSON,bleh,1
PERSON,bliss,1
PERSON,bliss flow,1
PERSON,blu ray,1
PERSON,bobby q's,1
PERSON,bollywood,1
PERSON,bon mais,1
PERSON,boo hoo,1
PERSON,border,1
PERSON,bottega,1
PERSON,bottom bracket,1
PERSON,bottom line,1
PERSON,boudreaux,1
PERSON,boulder hwy,1
PERSON,boulder station's,1
PERSON,bourgeoisie,1
PERSON,boy,1
PERSON,braised,1
PERSON,braised short ribs,1
PERSON,brandon,1
PERSON,brandon parker,1
PERSON,brava nicole,1
PERSON,bravo,1
PERSON,bread-,1
PERSON,breakfast burritos,1
PERSON,brenda p.'s,1
PERSON,brenly,1
PERSON,brent,1
PERSON,brett,1
PERSON,bri d.,1
PERSON,brian massie,1
PERSON,brie,1
PERSON,brizza,1
PERSON,broasted chicken,1
PERSON,bruins,1
PERSON,brussel,1
PERSON,brussel sprouts,1
PERSON,btw,1
PERSON,buckeye,1
PERSON,bud light,1
PERSON,buon gusto,1
PERSON,buster,1
PERSON,buyer,1
PERSON,buyer beware,1
PERSON,caesar salad,1
PERSON,caesars,1
PERSON,caf\u00e9,1
PERSON,caf\u00e9 de pari butter,1
PERSON,cajun canvas,1
PERSON,cal,1
PERSON,cali,1
PERSON,camelback cleaners,1
PERSON,candlelight yoga,1
PERSON,caramel gelati.....,1
PERSON,caramel lattes,1
PERSON,carne asada beef,1
PERSON,carne asada quesadilla,1
PERSON,carne asada tacos,1
PERSON,carrot,1
PERSON,carry out,1
PERSON,carson,1
PERSON,cary,1
PERSON,catherine,1
PERSON,cathy,1
PERSON,caucasian,1
PERSON,ce qui le,1
PERSON,cefiore,1
PERSON,chamber framer,1
PERSON,chamber framer's,1
PERSON,changs,1
PERSON,charlie palmer,1
PERSON,chef boy r dee,1
PERSON,chef jamie,1
PERSON,chef jose andres,1
PERSON,chef josh,1
PERSON,chef ramsey's,1
PERSON,cherry lash lounge,1
PERSON,chevre,1
PERSON,chick fil-a,1
PERSON,chicken chow mein,1
PERSON,chicken kebab,1
PERSON,chicken parma,1
PERSON,chicken teriyaki,1
PERSON,chicken tikka masala,1
PERSON,chien,1
PERSON,chino,1
PERSON,chino bandido,1
PERSON,chocolate sauce,1
PERSON,chow mein,1
PERSON,chris uptown,1
PERSON,christine,1
PERSON,christopher d.,1
PERSON,chronic tacos,1
PERSON,chuck,1
PERSON,chuck hamburg,1
PERSON,cindy,1
PERSON,cioppino,1
PERSON,claim jumpers,1
PERSON,coconut froyo,1
PERSON,cod,1
PERSON,coke\n\nwhen,1
PERSON,cole slaw,1
PERSON,comerica,1
PERSON,comme ca,1
PERSON,complimentary baguette,1
PERSON,congrats,1
PERSON,cora,1
PERSON,cordon bleu,1
PERSON,corn,1
PERSON,corned beef,1
PERSON,cotton candy,1
PERSON,coulda,1
PERSON,courtyard marriott @ sky harbor,1
PERSON,cowabunga,1
PERSON,cowabunga bay,1
PERSON,cowboy ciao,1
PERSON,craftsteak,1
PERSON,craig,1
PERSON,cranberry,1
PERSON,cranberry juice\nboth,1
PERSON,creamy,1
PERSON,creme brulee,1
PERSON,crostini,1
PERSON,cruz,1
PERSON,curry pakora,1
PERSON,dal toro,1
PERSON,daniel pecan,1
PERSON,daniel soooo,1
PERSON,danney,1
PERSON,darauf,1
PERSON,daraus wurde,1
PERSON,darlene,1
PERSON,darnit,1
PERSON,darren,1
PERSON,das lokal,1
PERSON,dates decor,1
PERSON,dave thomas,1
PERSON,david bromstad,1
PERSON,david copperfield,1
PERSON,davon abgesehen,1
PERSON,dayum,1
PERSON,de mon chum \u00e9taient bons aussi,1
PERSON,de safran,1
PERSON,dead roach,1
PERSON,deck department,1
PERSON,deco,1
PERSON,"deemed \""""practically unsinkable\",1
PERSON,del,1
PERSON,delucia,1
PERSON,dem bezahlen,1
PERSON,dem weg,1
PERSON,den,1
PERSON,deoderizer,1
PERSON,der,1
PERSON,der einen,1
PERSON,der krawatte,1
PERSON,der mich massiv,1
PERSON,der zweite stern.\nallerdings,1
PERSON,desert,1
PERSON,desert inn,1
PERSON,dessert torta di nonna,1
PERSON,dick bar.\n\nthe bar,1
PERSON,dick portillo,1
PERSON,die!\,1
PERSON,dijon mustard,1
PERSON,dim sum,1
PERSON,dim sum restaurant,1
PERSON,ding dong style,1
PERSON,ding*\n\ncookie,1
PERSON,disappointment.\n\n(stuffed dates,1
PERSON,diskret,1
PERSON,doc l. silva,1
PERSON,doch sehr,1
PERSON,dollar,1
PERSON,dolma,1
PERSON,don;t,1
PERSON,donald s,1
PERSON,donnie,1
PERSON,doritos,1
PERSON,dose,1
PERSON,down!\n\nperk,1
PERSON,dr gilchrist,1
PERSON,dr rehl,1
PERSON,dr.,1
PERSON,"drauf\""""\n\n1 sandwich",1
PERSON,driver,1
PERSON,duck,1
PERSON,duck\nbbq pork\ncongee\nginseng,1
PERSON,dude.\n\nbtw,1
PERSON,dutch bros,1
PERSON,dylan,1
PERSON,earl of marchmont,1
PERSON,ecstatic!\n\nthey,1
PERSON,ed hardy,1
PERSON,edamame,1
PERSON,edemame,1
PERSON,edie,1
PERSON,eduardo sandoval,1
PERSON,eel,1
PERSON,egg,1
PERSON,einem dann,1
PERSON,einfallen lassen,1
PERSON,either.\n\nfood,1
PERSON,el dente,1
PERSON,emerald at queensridge,1
PERSON,emily,1
PERSON,emily b.,1
PERSON,emily b. - she,1
PERSON,employ,1
PERSON,en \u00e9coutant de la,1
PERSON,enchiladas w/ mole,1
PERSON,enjoy,1
PERSON,enjoyed,1
PERSON,enya,1
PERSON,erdgeschoss w\u00fcrde,1
PERSON,essence bakery,1
PERSON,esther,1
PERSON,etoh,1
PERSON,etwas konsumiere,1
PERSON,evil kneivel,1
PERSON,extrem klein,1
PERSON,f\u00fcr,1
PERSON,f\u00fcr backwaren,1
PERSON,f\u00fcr mich,1
PERSON,fallen,1
PERSON,famous uncle al's,1
PERSON,farmer,1
PERSON,fattasaurous,1
PERSON,fauberg,1
PERSON,fettuccini alfredo,1
PERSON,fetzer riesling,1
PERSON,filiberto,1
PERSON,fingers,1
PERSON,firecracker,1
PERSON,firefly,1
PERSON,firehouse subs,1
PERSON,fitzgerald,1
PERSON,flame,1
PERSON,flamenco,1
PERSON,flamenco sketches,1
PERSON,flat top,1
PERSON,flattop,1
PERSON,flemings,1
PERSON,flip,1
PERSON,floor filty,1
PERSON,flour,1
PERSON,flour tortillas,1
PERSON,foodie doofus,1
PERSON,forced,1
PERSON,freddy,1
PERSON,freemont st,1
PERSON,frew,1
PERSON,fried ravioli,1
PERSON,friend!\n\nroberta johnson,1
PERSON,fritten,1
PERSON,from!,1
PERSON,frozen food,1
PERSON,frozen hot chocolate,1
PERSON,frozen margarita,1
PERSON,frozen yogurt,1
PERSON,funny,1
PERSON,g\u00fcnstigen mittagsangebote,1
PERSON,gabriel,1
PERSON,galianos,1
PERSON,garcias,1
PERSON,garfield,1
PERSON,garlic,1
PERSON,garlic powder,1
PERSON,garlic tuna,1
PERSON,gary pallino,1
PERSON,gazpacho,1
PERSON,gee whiz,1
PERSON,geht leider,1
PERSON,gel manicures,1
PERSON,gel manis,1
PERSON,gelesen hatte.\n\n\n,1
PERSON,geoff b.,1
PERSON,george and son's,1
PERSON,george square,1
PERSON,gerichten zum schnell,1
PERSON,giant eagle,1
PERSON,gift,1
PERSON,gift card,1
PERSON,gilbert house,1
PERSON,gilbert rd,1
PERSON,gizzards.\n**mini meals**\n       -,1
PERSON,glad,1
PERSON,glen,1
PERSON,glindas,1
PERSON,glow,1
PERSON,gluten free,1
PERSON,gnadenlos auch auf,1
PERSON,god,1
PERSON,goddard,1
PERSON,goddesses,1
PERSON,golden tee,1
PERSON,good times,1
PERSON,good.\n\nand,1
PERSON,goodyear,1
PERSON,gorgonzola,1
PERSON,got hamachi,1
PERSON,graham,1
PERSON,grandpa,1
PERSON,grapevine wine shop,1
PERSON,gras custard brulee,1
PERSON,grateful deads,1
PERSON,green chile,1
PERSON,greg,1
PERSON,gregg m's,1
PERSON,grimaldi,1
PERSON,grimaldis,1
PERSON,grits,1
PERSON,gross,1
PERSON,ground ahi tuna burger,1
PERSON,guest,1
PERSON,gumbo,1
PERSON,gus,1
PERSON,gustavo,1
PERSON,guy,1
PERSON,guy savoy,1
PERSON,guy savoy's,1
PERSON,h\u00e4tte uns mit,1
PERSON,hannah,1
PERSON,hardrock,1
PERSON,harvey keitel,1
PERSON,hatte das ganze,1
PERSON,hatte gefragt vorab).\ndie karte,1
PERSON,havana grill,1
PERSON,healy bea,1
PERSON,heed,1
PERSON,heinritz,1
PERSON,hellz,1
PERSON,herb box,1
PERSON,here.\n\njulian serrano,1
PERSON,heritage steak,1
PERSON,herren,1
PERSON,hershy,1
PERSON,hier h\u00e4tte,1
PERSON,hier immer noch nicht,1
PERSON,hier konkurriert,1
PERSON,hire,1
PERSON,holstein,1
PERSON,holsteins,1
PERSON,homemade pasta,1
PERSON,homey,1
PERSON,honey bbq,1
PERSON,honey garlic chicken,1
PERSON,honey lavendar,1
PERSON,hooray,1
PERSON,hormel,1
PERSON,house,1
PERSON,hubbie,1
PERSON,hubert keller,1
PERSON,hui k.,1
PERSON,i-naba,1
PERSON,i. love,1
PERSON,i. matt,1
PERSON,iceberg lettuce,1
PERSON,iceberg lettuce.,1
PERSON,iceburg lettuce,1
PERSON,ich tu,1
PERSON,idk,1
PERSON,il casin\u00f2 dell'hotel,1
PERSON,inn,1
PERSON,innenbereich,1
PERSON,innenraum kunden,1
PERSON,innenstadt bin ich,1
PERSON,insert coins,1
PERSON,intro,1
PERSON,investitionen der pinkelschranke,1
PERSON,ipad,1
PERSON,isabela,1
PERSON,it.\n\ni,1
PERSON,italien plut\u00f4,1
PERSON,j.s. f.,1
PERSON,jack cheese,1
PERSON,jahren,1
PERSON,jaimie,1
PERSON,jake owens,1
PERSON,jamba juice,1
PERSON,jasmine,1
PERSON,je ne sais pas,1
PERSON,je ne sais quoi,1
PERSON,jeff p.'s,1
PERSON,jello,1
PERSON,jen c.'s,1
PERSON,jenna,1
PERSON,jennifer,1
PERSON,jessica p.,1
PERSON,jetzt von au\u00dfen mit,1
PERSON,jiffy lube,1
PERSON,jim,1
PERSON,jim noble,1
PERSON,"jimmy johns:\nben,\ni",1
PERSON,jimmy woo's,1
PERSON,jingle bells,1
PERSON,joanne,1
PERSON,joes,1
PERSON,joey orr,1
PERSON,john cusack,1
PERSON,john lewis - of,1
PERSON,joli ni,1
PERSON,joseph pearce,1
PERSON,joshua simon,1
PERSON,jubi-essen,1
PERSON,jubilee,1
PERSON,judith at,1
PERSON,judy,1
PERSON,julian serrano,1
PERSON,jumbalya,1
PERSON,jump,1
PERSON,jungle buffet,1
PERSON,k.o. sushi,1
PERSON,k\u00f6nnen.\ndie apfelschorle,1
PERSON,k\u00f6nnte gem\u00fctlich,1
PERSON,kaffee der stadt,1
PERSON,kann ich,1
PERSON,kare,1
PERSON,karten,1
PERSON,kate beckinsale,1
PERSON,keema naan,1
PERSON,kelly,1
PERSON,ken,1
PERSON,kenny,1
PERSON,ketchup,1
PERSON,kette,1
PERSON,kevin,1
PERSON,kick back.\n\nwhich,1
PERSON,kick lately,1
PERSON,kidding,1
PERSON,kim,1
PERSON,kim smith,1
PERSON,kinda,1
PERSON,kinda brown,1
PERSON,kinda greasy,1
PERSON,kitchen nightmares,1
PERSON,klassischen bedarf,1
PERSON,kmos8sc5tm0,1
PERSON,knapper zeit,1
PERSON,knew.\n\nall,1
PERSON,know-,1
PERSON,kome,1
PERSON,kommt,1
PERSON,komol,1
PERSON,kona,1
PERSON,konditorei,1
PERSON,konkurrenz,1
PERSON,kool,1
PERSON,koro steak -,1
PERSON,kosten der g\u00e4ste und,1
PERSON,kristen,1
PERSON,kung,1
PERSON,kurz,1
PERSON,l&s,1
PERSON,l'addition du lunch pour,1
PERSON,la barquita,1
PERSON,la bibliotheque,1
PERSON,la brea,1
PERSON,la n\u00f4tre,1
PERSON,la scala,1
PERSON,labels,1
PERSON,lacoste,1
PERSON,laden,1
PERSON,lady cashier,1
PERSON,lady maria,1
PERSON,laid,1
PERSON,lame,1
PERSON,lanz,1
PERSON,larry,1
PERSON,lascio la,1
PERSON,lauren,1
PERSON,laval,1
PERSON,lavo day,1
PERSON,lay,1
PERSON,lazy joe's,1
PERSON,le marais,1
PERSON,least.\nliang,1
PERSON,legit!\nhop bang,1
PERSON,lemme,1
PERSON,lemon drop,1
PERSON,lenscrafters,1
PERSON,les tons de noir.\nle,1
PERSON,letztens musste,1
PERSON,lil kickers,1
PERSON,lily,1
PERSON,lindo michoacan,1
PERSON,little italy,1
PERSON,liu liu's,1
PERSON,lo,1
PERSON,lobster,1
PERSON,lobster bisque,1
PERSON,loco,1
PERSON,loco patron,1
PERSON,lol,1
PERSON,lola,1
PERSON,lomo,1
PERSON,los taquitos,1
PERSON,loss prevention,1
PERSON,louis xiii,1
PERSON,louvre,1
PERSON,luck,1
PERSON,lucky,1
PERSON,lucky rice,1
PERSON,lucky-tranny-rice.\n\nsince,1
PERSON,lunch,1
PERSON,ma che,1
PERSON,macha,1
PERSON,maciel,1
PERSON,mackie,1
PERSON,macs,1
PERSON,mad mex,1
PERSON,maggie,1
PERSON,maggie rupert,1
PERSON,mahrani,1
PERSON,mais un,1
PERSON,makutu,1
PERSON,mal der zeitgeist,1
PERSON,mal musste,1
PERSON,maleisa hughes,1
PERSON,manchester orchestra,1
PERSON,mani,1
PERSON,mann,1
PERSON,manna,1
PERSON,manny,1
PERSON,manny fucking,1
PERSON,mar skewers,1
PERSON,march\u00e9 de sant\u00e9,1
PERSON,marcus nash,1
PERSON,margarita,1
PERSON,marie,1
PERSON,marie antoinette,1
PERSON,marinara sauce,1
PERSON,marine,1
PERSON,marinelli,1
PERSON,mark taylor,1
PERSON,mark-taylor,1
PERSON,martin collins,1
PERSON,martini bar,1
PERSON,masago mayo,1
PERSON,masaro marumoto,1
PERSON,matt jimmerson,1
PERSON,matt kemp's,1
PERSON,max,1
PERSON,mccarran,1
PERSON,mccormick,1
PERSON,mcdee,1
PERSON,meadows,1
PERSON,meek,1
PERSON,meeting space,1
PERSON,meh .,1
PERSON,mein mann,1
PERSON,meine j\u00e4gersauce,1
PERSON,melissa,1
PERSON,mellow mushroom,1
PERSON,mess deck,1
PERSON,mexico mocha,1
PERSON,mich gew\u00fcnscht,1
PERSON,michael,1
PERSON,michael anderson,1
PERSON,michelle king,1
PERSON,mickey mouse's,1
PERSON,miles,1
PERSON,mill,1
PERSON,miller,1
PERSON,mimi,1
PERSON,mind,1
PERSON,mindy,1
PERSON,minutes.\n,1
PERSON,minutes.\n\nfor,1
PERSON,miso soup,1
PERSON,misoya tomi,1
PERSON,mittags,1
PERSON,mix,1
PERSON,moe,1
PERSON,mon ami gabi,1
PERSON,monica,1
PERSON,mood swings,1
PERSON,mooresville,1
PERSON,morceaux de canard,1
PERSON,mrs,1
PERSON,muahahahahaha,1
PERSON,mug,1
PERSON,muito bom,1
PERSON,multress walk,1
PERSON,mushroom soup,1
PERSON,mussels,1
PERSON,my baby shower,1
PERSON,my boothing,1
PERSON,n'entre avec,1
PERSON,nada,1
PERSON,nam vang,1
PERSON,napkin,1
PERSON,nasty,1
PERSON,natalie,1
PERSON,never again,1
PERSON,new.\n\nsuggestion,1
PERSON,ni hao ma,1
PERSON,nicer.\n\nsorry st james,1
PERSON,nicht beurteilen,1
PERSON,nick,1
PERSON,noca,1
PERSON,non dotato di casin\u00f2 interno,1
PERSON,noodles,1
PERSON,nora,1
PERSON,nosh.\nthe palazzo,1
PERSON,notiert hatte,1
PERSON,nuggets.\n\ni,1
PERSON,nuoc cham,1
PERSON,oasis,1
PERSON,ocean buffet,1
PERSON,ocotillo,1
PERSON,ohhh,1
PERSON,ohhhh,1
PERSON,one!\,1
PERSON,one\,1
PERSON,optomap,1
PERSON,orange blossom,1
PERSON,order,1
PERSON,otto,1
PERSON,ouff,1
PERSON,out.\n\nok,1
PERSON,pac-man,1
PERSON,packed,1
PERSON,pad thai,1
PERSON,padre,1
PERSON,paella,1
PERSON,paige,1
PERSON,pair,1
PERSON,pakastanis,1
PERSON,pan roast,1
PERSON,pancho villas,1
PERSON,panna cotta,1
PERSON,papa johns,1
PERSON,par contre,1
PERSON,parc ave,1
PERSON,parc l'\u00e9t\u00e9,1
PERSON,parc laurier,1
PERSON,parc-ex,1
PERSON,parlor,1
PERSON,pasqual,1
PERSON,pat,1
PERSON,pat tai,1
PERSON,patricia,1
PERSON,paul mitchell,1
PERSON,pay.\n\nwhen,1
PERSON,perfect.\n\nfor,1
PERSON,peter piper locations,1
PERSON,peter piper's,1
PERSON,phad,1
PERSON,phillip t.\n\nok,1
PERSON,phillip vigarino,1
PERSON,philly favorite-,1
PERSON,pho annie,1
PERSON,pho base,1
PERSON,pho hoa restaurant,1
PERSON,pho kim long,1
PERSON,pho rice,1
PERSON,pho saigon,1
PERSON,pina coladas,1
PERSON,pinkbox,1
PERSON,pinks,1
PERSON,pinky,1
PERSON,pino's- http://www.yelp.com/biz/pinos-pizza-al-centro-phoenix,1
PERSON,pistachio mocha,1
PERSON,pitt,1
PERSON,pitta rella's,1
PERSON,pittza rella's,1
PERSON,pizzeria bianco,1
PERSON,place bonaventure,1
PERSON,platano,1
PERSON,platz,1
PERSON,please\n9.strawberry banana-ehhh\n10.coconut lemongrass-cool,1
PERSON,polo towers,1
PERSON,popeye,1
PERSON,populaires qu'il,1
PERSON,postrio,1
PERSON,potatos,1
PERSON,pour bien,1
PERSON,pour bien peu,1
PERSON,pour ce,1
PERSON,pralinen,1
PERSON,prarie home companion,1
PERSON,precilla ruined,1
PERSON,priceline!\n\nwhen,1
PERSON,pricey,1
PERSON,prob,1
PERSON,produkte,1
PERSON,promenade deck,1
PERSON,prop,1
PERSON,pros,1
PERSON,psycho jock,1
PERSON,pub,1
PERSON,pulled pork,1
PERSON,qr.redrobin.com,1
PERSON,qualit\u00e4t.,1
PERSON,que je ne,1
PERSON,quesadillas,1
PERSON,quickly.\n\ni'll,1
PERSON,r\u00e9gnait,1
PERSON,rad happy hour,1
PERSON,raku,1
PERSON,rancho,1
PERSON,randy,1
PERSON,raspberry sorbet,1
PERSON,ratty,1
PERSON,ray,1
PERSON,rayan,1
PERSON,rc willey,1
PERSON,rebel pizza,1
PERSON,rechnung,1
PERSON,red lobster,1
PERSON,red ryan,1
PERSON,redeemer,1
PERSON,repas indien,1
PERSON,reservierung,1
PERSON,reviews).\n\npho minh,1
PERSON,rib,1
PERSON,ricey,1
PERSON,rigatoni,1
PERSON,rip,1
PERSON,rip debora,1
PERSON,roast lobster,1
PERSON,robin,1
PERSON,robuchon,1
PERSON,rock 2,1
PERSON,ron,1
PERSON,rooster,1
PERSON,rosie mc caffreys,1
PERSON,roy,1
PERSON,roys,1
PERSON,run away-never do business,1
PERSON,russ,1
PERSON,ruth,1
PERSON,s.  carne asada,1
PERSON,s. rainbow,1
PERSON,safeways,1
PERSON,sal,1
PERSON,salaten,1
PERSON,salatteller,1
PERSON,sales rep-,1
PERSON,salmon,1
PERSON,salmon salad -,1
PERSON,salty senorita,1
PERSON,sam woo,1
PERSON,sanders,1
PERSON,sandlot,1
PERSON,sandwich stylen,1
PERSON,sans vin,1
PERSON,sarku japan,1
PERSON,sashimi tuna,1
PERSON,savers,1
PERSON,savoureux et copieux,1
PERSON,schein,1
PERSON,schmeckte leider garnicht,1
PERSON,schnelldurchlauf noch einige,1
PERSON,scrabster,1
PERSON,scramble,1
PERSON,sean t.,1
PERSON,seared tuna,1
PERSON,seeds,1
PERSON,sephora,1
PERSON,seriously,1
PERSON,seuss,1
PERSON,shadow hills,1
PERSON,shakes,1
PERSON,shannon w.'s,1
PERSON,sharing,1
PERSON,shaun,1
PERSON,shine,1
PERSON,shotgun bettys,1
PERSON,shrimp burrito,1
PERSON,shrimp cocktail,1
PERSON,shrimp mai,1
PERSON,sicherlich kein trinkgeld,1
PERSON,sicht,1
PERSON,sicilys pizza,1
PERSON,sides,1
PERSON,sighhhhhhh,1
PERSON,sigur ros,1
PERSON,simba,1
PERSON,simply,1
PERSON,single,1
PERSON,size!!\n,1
PERSON,size?\n-white,1
PERSON,sizzler,1
PERSON,skimp,1
PERSON,skinny jeans.\nfood- 5+,1
PERSON,skins,1
PERSON,smith,1
PERSON,smiths,1
PERSON,smooth,1
PERSON,snow ice,1
PERSON,snow white,1
PERSON,sofi,1
PERSON,sonntags das brunch,1
PERSON,sooooooooooooo gooood!\n\n-give,1
PERSON,sorry carol,1
PERSON,sour soup,1
PERSON,southside,1
PERSON,spass,1
PERSON,spicy diavola,1
PERSON,spinach,1
PERSON,sport chalet,1
PERSON,sports,1
PERSON,spud-u-like,1
PERSON,sriracha,1
PERSON,st denis,1
PERSON,st-martin,1
PERSON,stairs,1
PERSON,standard,1
PERSON,starbuck,1
PERSON,steak,1
PERSON,stella,1
PERSON,steph,1
PERSON,stern,1
PERSON,sticky toffee pudding,1
PERSON,strawberry,1
PERSON,strawberry french,1
PERSON,styrofoam,1
PERSON,summerlin,1
PERSON,summerlin energy,1
PERSON,sunset,1
PERSON,super shuttle,1
PERSON,superb,1
PERSON,supercuts,1
PERSON,sure.\n\nour,1
PERSON,surprised,1
PERSON,susan,1
PERSON,sushi,1
PERSON,sweet,1
PERSON,switch,1
PERSON,tana,1
PERSON,tanaka,1
PERSON,tang,1
PERSON,tao beach,1
PERSON,tao nightclub,1
PERSON,taste.\n5.watermelon mojito-,1
PERSON,tastykakes,1
PERSON,team!\nlisa bassewitz,1
PERSON,teddy pair,1
PERSON,teil,1
PERSON,teppan,1
PERSON,teresa s.,1
PERSON,terra rossa's,1
PERSON,teva,1
PERSON,tex mex,1
PERSON,thai chicken,1
PERSON,thai kang kare,1
PERSON,thankfully,1
PERSON,thar,1
PERSON,the chino,1
PERSON,the earl grey,1
PERSON,the eel-kara-age,1
PERSON,the good egg,1
PERSON,the jr suite,1
PERSON,the sam adams,1
PERSON,the tuna melt,1
PERSON,there.\n\nmy,1
PERSON,this einstein,1
PERSON,this sam woo,1
PERSON,tia rosa,1
PERSON,tilted kilt,1
PERSON,timbers,1
PERSON,tire,1
PERSON,today.\,1
PERSON,tofu,1
PERSON,toilette,1
PERSON,tolstoy,1
PERSON,tom,1
PERSON,tom colicchio's,1
PERSON,tom ka,1
PERSON,tom kha,1
PERSON,tom yum,1
PERSON,tomato,1
PERSON,tony roma's,1
PERSON,too.\n\nina,1
PERSON,top sirloin,1
PERSON,torbogen aus,1
PERSON,tostada combinacion,1
PERSON,trader joe's,1
PERSON,trader joes,1
PERSON,tram,1
PERSON,trankie,1
PERSON,travelodge,1
PERSON,tray raymond,1
PERSON,trinken waren flott,1
PERSON,trouverez pas,1
PERSON,troy,1
PERSON,tucson,1
PERSON,tues,1
PERSON,tuna,1
PERSON,tuna sahimi,1
PERSON,uhh ya no,1
PERSON,umgebaut aber,1
PERSON,un'esperienza davvero,1
PERSON,understaffed,1
PERSON,unterm strich,1
PERSON,valentine,1
PERSON,valentino,1
PERSON,valrhona pearls,1
PERSON,vary,1
PERSON,veal parmigiana,1
PERSON,vegas uncorked,1
PERSON,veggie,1
PERSON,veggie wonton appetizer,1
PERSON,venison w/,1
PERSON,vensand,1
PERSON,vermicelli noodles,1
PERSON,viateur,1
PERSON,vikes,1
PERSON,vince,1
PERSON,vino,1
PERSON,vito,1
PERSON,von guter,1
PERSON,von kundenkarten,1
PERSON,votre amis,1
PERSON,votre repas,1
PERSON,wade,1
PERSON,wahrnehmung kein qualit\u00e4tsstatement,1
PERSON,waiter,1
PERSON,waitier,1
PERSON,wanna,1
PERSON,wanna know\nit's,1
PERSON,waren ziemlich viel,1
PERSON,wayne,1
PERSON,we're,1
PERSON,weiter punkt,1
PERSON,weldon,1
PERSON,whitey,1
PERSON,whitnee,1
PERSON,whitney,1
PERSON,wicked spoon,1
PERSON,widow,1
PERSON,wie,1
PERSON,windmill,1
PERSON,wine angel,1
PERSON,wings,1
PERSON,wolf,1
PERSON,wolfgang puck bar &,1
PERSON,wollte ein vollkornbrot,1
PERSON,wonton soup,1
PERSON,woo hoo,1
PERSON,wooh,1
PERSON,wowza,1
PERSON,wtf,1
PERSON,wtf?\n\nthe good\n\ncheng fun,1
PERSON,wurde,1
PERSON,wurde dann,1
PERSON,wurde dort gemischt,1
PERSON,wynn buffet,1
PERSON,x ray,1
PERSON,y'see,1
PERSON,ya,1
PERSON,ya think,1
PERSON,ya.,1
PERSON,yamaha tw200,1
PERSON,yamaimo teppan - i,1
PERSON,yea,1
PERSON,yelper,1
PERSON,yeux,1
PERSON,yocoko,1
PERSON,yogi,1
PERSON,your-cholesterol-is,1
PERSON,yuca,1
PERSON,yuk,1
PERSON,yumm,1
PERSON,yuta,1
PERSON,yuzu,1
PERSON,zaba,1
PERSON,zack,1
PERSON,zagat,1
PERSON,zana,1
PERSON,zapata,1
PERSON,zeppelin,1
PERSON,zhou beef noodle - one,1
PERSON,zing zang,1
PERSON,zu eng.,1
PERSON,zu laut,1
PERSON,zuke don - marinated,1
PERSON,zum abkassieren,1
PERSON,zum beispiel,1
PERSON,zum besten,1
PERSON,zum drau\u00dfen,1
PERSON,zuma,1
PERSON,zuma zooma,1
PERSON,zuppa reale,1
PERSON,zur pralinentheke,1
PERSON,zwar ein,1
PERSON,zzeek,1
PRODUCT,cole,5
PRODUCT,ca,2
PRODUCT,diet coke,2
PRODUCT,i-10,2
PRODUCT,lol.\n\nwhen,2
PRODUCT,root,2
PRODUCT,shrimp,2
PRODUCT,starbucks,2
PRODUCT,sushi,2
PRODUCT,101,1
PRODUCT,401k,1
PRODUCT,"\""""steak\""""",1
PRODUCT,\n-pasty,1
PRODUCT,b\u00f6ckeler,1
PRODUCT,blue 32,1
PRODUCT,brass,1
PRODUCT,breakfast.\n\nmy,1
PRODUCT,camry,1
PRODUCT,cantina,1
PRODUCT,cares,1
PRODUCT,cheap,1
PRODUCT,cherry coke,1
PRODUCT,chili,1
PRODUCT,chimichanga,1
PRODUCT,chipotles,1
PRODUCT,citipass,1
PRODUCT,"complete.\""""\n\nupon",1
PRODUCT,crab,1
PRODUCT,cream,1
PRODUCT,critter ridder,1
PRODUCT,damn,1
PRODUCT,das ist,1
PRODUCT,disappointed.\n       - $,1
PRODUCT,enchiladas,1
PRODUCT,etiquette\,1
PRODUCT,f,1
PRODUCT,family,1
PRODUCT,five guys,1
PRODUCT,frits,1
PRODUCT,gooey,1
PRODUCT,hatte,1
PRODUCT,hochzeitstag,1
PRODUCT,hour\,1
PRODUCT,http://www.yelp.com/biz_photos/82ygtjc5kkikniqbz33qzw?select=ionsnp5eadvdbyh5lc0okg).\n       - $,1
PRODUCT,i-17,1
PRODUCT,j\u00e4gersauce,1
PRODUCT,jetta,1
PRODUCT,kalamata,1
PRODUCT,l\u00e4den,1
PRODUCT,lifetime,1
PRODUCT,lone star,1
PRODUCT,lust,1
PRODUCT,mad max,1
PRODUCT,marquee,1
PRODUCT,mcrib,1
PRODUCT,me.\n\nalso,1
PRODUCT,me.\n\nby,1
PRODUCT,me?\n\nfor,1
PRODUCT,meinung,1
PRODUCT,mir,1
PRODUCT,money.\n\nwe,1
PRODUCT,nachos\,1
PRODUCT,plentiful,1
PRODUCT,red curry,1
PRODUCT,red robin.\n\nwe,1
PRODUCT,reviews,1
PRODUCT,roll-3,1
PRODUCT,sa\u00df,1
PRODUCT,sat,1
PRODUCT,smiths,1
PRODUCT,spring rolls,1
PRODUCT,takumi,1
PRODUCT,tangiers,1
PRODUCT,taste.\n\n\n\nwe,1
PRODUCT,th\u00e9 glac\u00e9,1
PRODUCT,the armadillo grill,1
PRODUCT,the chile verde birdie,1
PRODUCT,the maple bar,1
PRODUCT,the red curry with chicken,1
PRODUCT,the triple delight,1
PRODUCT,the uss kearsarge lhd-3,1
PRODUCT,though.\n       - $,1
PRODUCT,tix,1
PRODUCT,total rewards,1
PRODUCT,truc,1
PRODUCT,valet,1
PRODUCT,viva las arepas,1
PRODUCT,viva mercado's,1
PRODUCT,warteschlange,1
PRODUCT,will.\n\nmy,1
TIME,night,33
TIME,last night,27
TIME,tonight,23
TIME,an hour,21
TIME,10 minutes,17
TIME,20 minutes,17
TIME,15 minutes,16
TIME,evening,16
TIME,afternoon,15
TIME,hours,14
TIME,morning,13
TIME,saturday night,12
TIME,30 minutes,11
TIME,one night,10
TIME,the night,10
TIME,2 hours,9
TIME,the next morning,9
TIME,45 minutes,8
TIME,5 minutes,7
TIME,about 5 minutes,7
TIME,all night,7
TIME,late night,7
TIME,the morning,7
TIME,hour,6
TIME,nights,6
TIME,this morning,6
TIME,1 hour,5
TIME,24 hours,5
TIME,3pm,5
TIME,a minute,5
TIME,an hour and a half,5
TIME,midnight,5
TIME,overnight,5
TIME,sunday night,5
TIME,10 minutes later,4
TIME,11 am,4
TIME,11am,4
TIME,25 minutes,4
TIME,40 minutes,4
TIME,6pm,4
TIME,7am,4
TIME,7pm,4
TIME,9am,4
TIME,9pm,4
TIME,a few minutes,4
TIME,about 10 minutes,4
TIME,about 15 minutes,4
TIME,noon,4
TIME,one hour,4
TIME,one morning,4
TIME,several minutes,4
TIME,that night,4
TIME,10:30,3
TIME,10am,3
TIME,15-20 minutes,3
TIME,1pm,3
TIME,20 minutes later,3
TIME,24 hour,3
TIME,3 hours,3
TIME,4 pm,3
TIME,5 minute,3
TIME,50 minutes,3
TIME,6 pm,3
TIME,a night,3
TIME,about 2 hours,3
TIME,about 25 minutes,3
TIME,an hour later,3
TIME,an off night,3
TIME,friday night,3
TIME,late-night,3
TIME,minutes,3
TIME,ten minutes,3
TIME,that evening,3
TIME,the last minute,3
TIME,the next night,3
TIME,the other night,3
TIME,this night,3
TIME,1.5 hours,2
TIME,10 hours,2
TIME,10 minute,2
TIME,10pm,2
TIME,11pm,2
TIME,2 minutes,2
TIME,20-30 minutes,2
TIME,24-hour,2
TIME,25 minute,2
TIME,2:30 pm,2
TIME,2pm,2
TIME,3 pm,2
TIME,30 minute,2
TIME,35 minutes,2
TIME,4 hours,2
TIME,48 hours,2
TIME,4am,2
TIME,5 minutes later,2
TIME,5 pm,2
TIME,5am,2
TIME,7 minutes,2
TIME,a date night,2
TIME,a few hours,2
TIME,a few hours later,2
TIME,a few minutes later,2
TIME,a few more minutes,2
TIME,a few seconds,2
TIME,a long night,2
TIME,a lovely afternoon,2
TIME,about 20 minutes,2
TIME,about 3 hours,2
TIME,about 30 minutes,2
TIME,almost an hour,2
TIME,and hour,2
TIME,another hour,2
TIME,at least 10 minutes,2
TIME,december night,2
TIME,each morning,2
TIME,earlier today,2
TIME,every 5 minutes,2
TIME,every few minutes,2
TIME,five minutes,2
TIME,hourly,2
TIME,last minute,2
TIME,later in the evening,2
TIME,many hours,2
TIME,one evening,2
TIME,one minute,2
TIME,over 5 minutes,2
TIME,that morning,2
TIME,there.\n\ni,2
TIME,this evening,2
TIME,three night,2
TIME,wednesday night,2
TIME,(about 1 hour,1
TIME,1 ish hours,1
TIME,1/2 hour,1
TIME,10 everyday\,1
TIME,10 minutes and some seconds,1
TIME,10 pm,1
TIME,10-15 minutes,1
TIME,10pm to midnight,1
TIME,11:21,1
TIME,11:30 at night,1
TIME,11:55,1
TIME,12 hours,1
TIME,12 minutes,1
TIME,12pm,1
TIME,15 minute,1
TIME,15 minutes later,1
TIME,1:30 pm,1
TIME,2 and half hours,1
TIME,2 hour,1
TIME,2 hours and 20 minutes,1
TIME,2 hours later,1
TIME,2 in the afternoon,1
TIME,2 pm,1
TIME,2 seconds,1
TIME,2+ hour,1
TIME,2.5 hours,1
TIME,20 minute,1
TIME,20+ minutes,1
TIME,20-40 minute,1
TIME,25-30 minutes,1
TIME,29 minutes,1
TIME,2am,1
TIME,2ish hours,1
TIME,2nd night &,1
TIME,3 extra minutes,1
TIME,3 hour,1
TIME,3 minutes,1
TIME,3 nights,1
TIME,3 or 4 hours,1
TIME,3-4 am,1
TIME,3-4 hours,1
TIME,30 hours,1
TIME,30 minutes later,1
TIME,30-35 minutes,1
TIME,30-60 minutes,1
TIME,31 minutes,1
TIME,35-45 minutes,1
TIME,36 hour,1
TIME,3:30,1
TIME,3am,1
TIME,3pm weekdays,1
TIME,4 hour,1
TIME,4 minutes,1
TIME,4 night,1
TIME,45 minute,1
TIME,45 minutes later,1
TIME,48-72 hours,1
TIME,4:00,1
TIME,4:00 a.m.,1
TIME,4:30,1
TIME,4:45,1
TIME,4:45 pm,1
TIME,5 am first,1
TIME,5 hour,1
TIME,5 hours,1
TIME,5 seconds,1
TIME,55 minutes,1
TIME,5:30,1
TIME,5:30 am,1
TIME,5:30 pm.\n- room,1
TIME,5pm,1
TIME,5pm now,1
TIME,5pm only,1
TIME,6 a.m.,1
TIME,6 hour,1
TIME,6 in the morning,1
TIME,7:15,1
TIME,7:15 am,1
TIME,7:30 pm,1
TIME,8 am-8 pm,1
TIME,8 hours,1
TIME,8 o'clock,1
TIME,8 or 9pm,1
TIME,80 minutes,1
TIME,8:00,1
TIME,8:00 am,1
TIME,8:30,1
TIME,8:30 pm,1
TIME,8:45,1
TIME,8:45am,1
TIME,8pm,1
TIME,90 minutes,1
TIME,9:15 this morning,1
TIME,9:30,1
TIME,9:30am,1
TIME,9:45,1
TIME,9am and,1
TIME,9am in the morning,1
TIME,9pm and,1
TIME,"\""""20 minute",1
TIME,"\""""your hours",1
TIME,\n\nlast night,1
TIME,a bad night,1
TIME,a couple hours,1
TIME,a couple of hours,1
TIME,a couple of nights,1
TIME,a few nights,1
TIME,a five minute,1
TIME,a fourth night,1
TIME,a full 10 minutes,1
TIME,a full evening,1
TIME,a good 10 minutes,1
TIME,a good 15 minutes,1
TIME,a good 30 minutes,1
TIME,a good 5 minutes,1
TIME,a good few hours,1
TIME,a good few minutes,1
TIME,a good half hour,1
TIME,a good hour,1
TIME,a late hour,1
TIME,a late night,1
TIME,a major night,1
TIME,a regular night,1
TIME,a very busy night,1
TIME,a whole eight hours,1
TIME,about 10 minutes later,1
TIME,about 10:45,1
TIME,about 11:30,1
TIME,about 1:00 pm,1
TIME,about 2 minutes,1
TIME,about 20 seconds,1
TIME,about 30 minute,1
TIME,about 35 minutes,1
TIME,about 50 minutes,1
TIME,about 60 seconds,1
TIME,about 9 yrs ago,1
TIME,about 9:30,1
TIME,about a 10 minute,1
TIME,about an hour,1
TIME,about an hour and a half,1
TIME,about an hour and half,1
TIME,about happy hour,1
TIME,about seven minutes,1
TIME,about ten minutes later,1
TIME,about the happy hour,1
TIME,about the hour,1
TIME,about two minutes later,1
TIME,almost 30 minutes,1
TIME,an additional 10 minutes,1
TIME,an additional 40 minutes,1
TIME,an hour ahead,1
TIME,an hour and a half later,1
TIME,another 10 minute,1
TIME,another 10 minutes,1
TIME,another 15 minutes,1
TIME,another 20 minutes,1
TIME,another 5 minutes,1
TIME,another hour later,1
TIME,another ten minutes,1
TIME,april night,1
TIME,around 10:30,1
TIME,around 12 am,1
TIME,around 15 minutes,1
TIME,around 9:30 pm,1
TIME,around noon,1
TIME,around thirty minutes,1
TIME,at least 35 minutes,1
TIME,at least an hour,1
TIME,at least half hour,1
TIME,close to 2 hours,1
TIME,close to an hour,1
TIME,date night/happy hour,1
TIME,daytime,1
TIME,dusk,1
TIME,early evening,1
TIME,early in the morning,1
TIME,early on a weeknight,1
TIME,every 1/2 hour,1
TIME,every 15 minutes,1
TIME,every 20 seconds,1
TIME,every 30 seconds,1
TIME,every 45 minutes,1
TIME,every 5 seconds,1
TIME,every few seconds,1
TIME,every fifteen minutes,1
TIME,every night,1
TIME,five hours,1
TIME,five minutes later,1
TIME,five to seven minutes,1
TIME,four night,1
TIME,friday night happy hour,1
TIME,from.\n\ntwo hours,1
TIME,half an hour,1
TIME,half hour,1
TIME,hours there.\n\ni,1
TIME,i am three hours,1
TIME,just a few hours,1
TIME,just a few miles,1
TIME,just a few minutes,1
TIME,just a few minutes later,1
TIME,last-minute,1
TIME,less than 2 hours,1
TIME,less than 2 minutes,1
TIME,less than 20 minutes,1
TIME,less than 30 minutes,1
TIME,less than 30 seconds,1
TIME,less than 5 minutes,1
TIME,less than a minute,1
TIME,less than ten minutes later,1
TIME,like 10 minutes,1
TIME,like 5 minutes,1
TIME,lunch hour,1
TIME,mere minutes,1
TIME,mere seconds,1
TIME,mid-afternoon hours,1
TIME,midday,1
TIME,more happy hours,1
TIME,more than 12 hours,1
TIME,more than 15 minutes,1
TIME,more than 30 minutes,1
TIME,more than 5 minutes,1
TIME,more than an hour,1
TIME,more than an hour and a half,1
TIME,mornings,1
TIME,nearly 3 hours,1
TIME,nearly fifteen minutes,1
TIME,next morning,1
TIME,nine in the morning,1
TIME,normal business hours,1
TIME,our hour,1
TIME,over 1/2 hour,1
TIME,over 15 minutes,1
TIME,over 2 hours,1
TIME,over 3 hours,1
TIME,over 30 minutes,1
TIME,over a hour,1
TIME,over an hour,1
TIME,over two hours,1
TIME,past 10:00,1
TIME,roughly 25 minutes,1
TIME,roughly 6:45,1
TIME,seconds,1
TIME,seconds 6 seconds,1
TIME,seven minutes,1
TIME,seven more minutes,1
TIME,several more minutes,1
TIME,sunday evening,1
TIME,swedish with 1 hour foot,1
TIME,ten minutes earlier,1
TIME,that next evening,1
TIME,the 10 minutes,1
TIME,the 45 minutes,1
TIME,the 46 minutes,1
TIME,the early afternoon,1
TIME,the early evening,1
TIME,the early morning,1
TIME,the entire evening,1
TIME,the entire night,1
TIME,the extra 5 minute,1
TIME,the extra 5 minutes,1
TIME,the first hour,1
TIME,the hour,1
TIME,the last two hours,1
TIME,the late hour,1
TIME,the next 12 hours,1
TIME,the next morning &,1
TIME,the previous 30 minute,1
TIME,the same hours,1
TIME,the strange hours,1
TIME,the two hours,1
TIME,the wee hours,1
TIME,the whole hour,1
TIME,their exact hours,1
TIME,thirty minutes later,1
TIME,this afternoon,1
TIME,this amateur hour,1
TIME,those hours,1
TIME,three hours,1
TIME,three in the morning,1
TIME,three nights,1
TIME,three pm,1
TIME,three to four hours,1
TIME,to one hour,1
TIME,tuesday night,1
TIME,twenty minutes,1
TIME,twenty minutes later,1
TIME,two and half hours later,1
TIME,two hour,1
TIME,two minutes,1
TIME,under 12 minutes,1
TIME,under 15 minutes,1
TIME,under 2 minutes,1
TIME,under 45 minutes,1
