,Topic 1,Topic 2,Topic 3,Topic 4,Topic 5,Topic 6
Rank 1,good,great,amazing,kevin,best,delicious
Rank 2,nice,great food,server,kevin great,ever,food delicious
Rank 3,ordered,food,pear,kevin amazing,pizza,food
Rank 4,drink,service,amazing food,great,best pizza,recommend
Rank 5,table,food service,amazing server,fun,kevin best,highly
Rank 6,order,great service,food amazing,kevin best,ive,highly recommend
Rank 7,people,food great,kevin amazing,entertaining,best ever,fun
Rank 8,thing,atmosphere,diego,chef,ive ever,wonderful
Rank 9,service,great experience,gam,awesome,pizza ever,beautiful
Rank 10,better,service great,food,much fun,far best,service
Rank 11,well,excellent,attentive,sake,adam,definitely
Rank 12,nni,good,experience,lot,best food,atmosphere
Rank 13,much,friendly,staff,great job,made,experience
Rank 14,price,experience,kind,made,erica,recommended
Rank 15,food,staff,everything amazing,lot fun,service,friendly
